"source_id","relative_path","kind","bytes","sha256","git_state","provenance","license_status","disposition","direct_transfer_approved","notes"
"legacy-cad-2026-07-23","cad-file/dxf/CURRENT_STATUS.md","documentation","8537","8f4fcbe43101f58bcd12f141f3195c28c580441cb4358d081bb2aaecd3c14afd","untracked","legacy-local-untracked","unverified-no-repo-license","reference_only","false","No direct transfer approved by M1."
"legacy-cad-2026-07-23","cad-file/dxf/INDEX.md","documentation","2428","3cfc31bd2a80f0dac92f1e533bb9affcf45bf19d3e7636fa8f568d90a33d3e50","untracked","legacy-local-untracked","unverified-no-repo-license","reference_only","false","No direct transfer approved by M1."
"legacy-cad-2026-07-23","cad-file/dxf/corpus/README.md","documentation","1268","1aa6120ad8612bd0978cbfd6c1205bcac89b2fccc4ecde449ad2926299eedaf3","untracked","legacy-local-untracked","unverified-no-repo-license","reference_only","false","No direct transfer approved by M1."
"legacy-cad-2026-07-23","cad-file/dxf/corpus/web-incoming-20260701-manifest.csv","evidence","4218","d67c4367c73e67a0625ea1a55eed784a09fe7f3f922dfadfd9c66999b3e5f22e","untracked","legacy-local-untracked","unverified-no-repo-license","reference_only","false","No direct transfer approved by M1."
"legacy-cad-2026-07-23","cad-file/dxf/corpus/web-incoming-20260701.md","documentation","4455","361ded4c9015172aad144bce767ca5a7c205109b5d75eb087a8419118732fb9a","untracked","legacy-local-untracked","unverified-no-repo-license","reference_only","false","No direct transfer approved by M1."
"legacy-cad-2026-07-23","cad-file/dxf/experiments/HATCH-open-source-prior-art-review.md","documentation","2894","8725b9b44a058e2bc7d8b34c295a0531a0586b51d9f297022bc0925978a5e809","untracked","legacy-local-untracked","unverified-no-repo-license","reference_only","false","No direct transfer approved by M1."
"legacy-cad-2026-07-23","cad-file/dxf/experiments/README.md","documentation","282","d5972a9a2c844f9b8337dc8dfab83248885459849af747c79059c31489985274","untracked","legacy-local-untracked","unverified-no-repo-license","reference_only","false","No direct transfer approved by M1."
"legacy-cad-2026-07-23","cad-file/dxf/failures/HATCH-seed-points-counted-as-boundary-vertices.md","documentation","1465","b9de39579a315c9527e77ecd90bb1e4050dcb55d97c5558e6011ad4b5fa3ec66","untracked","legacy-local-untracked","unverified-no-repo-license","reference_only","false","No direct transfer approved by M1."
"legacy-cad-2026-07-23","cad-file/dxf/failures/README.md","documentation","360","0b66d007d37240375f385c3373c47fd8700979cc145c41b2c35b8dbbf603815a","untracked","legacy-local-untracked","unverified-no-repo-license","reference_only","false","No direct transfer approved by M1."
"legacy-cad-2026-07-23","cad-file/dxf/finished/CAD-FILE-DXF-M1.md","documentation","2207","707c00e46c6419f662c9834045290f5317dba97b7485c591ca831ec7017fa0d2","untracked","legacy-local-untracked","unverified-no-repo-license","reference_only","false","No direct transfer approved by M1."
"legacy-cad-2026-07-23","cad-file/dxf/finished/CAD-FILE-M0.md","documentation","1022","8dcd06a188d50af1aef2733ababb75bfa54773a4298dafa79db63a791f7be8de","untracked","legacy-local-untracked","unverified-no-repo-license","reference_only","false","No direct transfer approved by M1."
"legacy-cad-2026-07-23","cad-file/dxf/finished/DXF-100-A1-ATTDEF-structural-policy.md","documentation","3006","0236a0dbbea595189e3facef60fa9dc90f7bc91c367ed9d8788413d8ba55fd45","untracked","legacy-local-untracked","unverified-no-repo-license","reference_only","false","No direct transfer approved by M1."
"legacy-cad-2026-07-23","cad-file/dxf/finished/DXF-100-H1-HATCH-boundary-accounting.md","documentation","1536","78a2a4aa4e61e82c945616a07a0b8a4db8f272adf03be98bdbee061c17135788","untracked","legacy-local-untracked","unverified-no-repo-license","reference_only","false","No direct transfer approved by M1."
"legacy-cad-2026-07-23","cad-file/dxf/finished/DXF-100-H2-HATCH-v17-corpus-gate.md","documentation","2051","183183c0968e694b0a1a1e6a84fd5927819419709f9b9aeb828ded1083740a80","untracked","legacy-local-untracked","unverified-no-repo-license","reference_only","false","No direct transfer approved by M1."
"legacy-cad-2026-07-23","cad-file/dxf/finished/DXF-100-H3-HATCH-seed-point-accounting.md","documentation","2207","4a23983ff6bbd9a26b19b7d09ab64b473f31266add031fee64eee61c0b0b440d","untracked","legacy-local-untracked","unverified-no-repo-license","reference_only","false","No direct transfer approved by M1."
"legacy-cad-2026-07-23","cad-file/dxf/finished/DXF-100-H4-HATCH-polyline-gate.md","documentation","2812","7fab8a2094920d47727cffbcb4878010efe5e9f6f0873304246e531d691443c2","untracked","legacy-local-untracked","unverified-no-repo-license","reference_only","false","No direct transfer approved by M1."
"legacy-cad-2026-07-23","cad-file/dxf/finished/DXF-100-H5-HATCH-boundary-expansion.md","documentation","2374","506f10ce8be59d81a23238df12d695d7d37feac130e59725fd5085d04347e99d","untracked","legacy-local-untracked","unverified-no-repo-license","reference_only","false","No direct transfer approved by M1."
"legacy-cad-2026-07-23","cad-file/dxf/finished/DXF-100-L1F-final-eof-validation.md","documentation","2477","7bb1fbe6b585db7969467592b34ff2f58b8c693e9606edbc382b512abd0c7a12","untracked","legacy-local-untracked","unverified-no-repo-license","reference_only","false","No direct transfer approved by M1."
"legacy-cad-2026-07-23","cad-file/dxf/finished/DXF-100-L2AA-block-record-insert-pointer-context.md","documentation","4491","ed96073fb497e705de8ce327c5d27e22fb952ea0f60ad8236c80d59845114109","untracked","legacy-local-untracked","unverified-no-repo-license","reference_only","false","No direct transfer approved by M1."
"legacy-cad-2026-07-23","cad-file/dxf/finished/DXF-100-L2AB-block-record-layout-pointer-context.md","documentation","4154","9d396f5bc9327d3c7c561278917263afc0d9c0ae2fd81382d7ea789e7747782d","untracked","legacy-local-untracked","unverified-no-repo-license","reference_only","false","No direct transfer approved by M1."
"legacy-cad-2026-07-23","cad-file/dxf/finished/DXF-100-L2AC-object-style-text-style-pointer-context.md","documentation","4510","1e8f6a8a2dc0cd6902546ad954d9fbdf9513e0bc525f831b0c6fdef01ee0095b","untracked","legacy-local-untracked","unverified-no-repo-license","reference_only","false","No direct transfer approved by M1."
"legacy-cad-2026-07-23","cad-file/dxf/finished/DXF-100-L2AD-object-block-record-back-pointer-context.md","documentation","4399","302c2ecf33c30bf7cc44989bd86f3033968281350064beabf59348511c7e0701","untracked","legacy-local-untracked","unverified-no-repo-license","reference_only","false","No direct transfer approved by M1."
"legacy-cad-2026-07-23","cad-file/dxf/finished/DXF-100-L2AE-placeholder-default-dictionary-pointer-context.md","documentation","5217","e896144390440b3467305bf07c4d9b3af61f35ab5a338f939b54b2b865f28131","untracked","legacy-local-untracked","unverified-no-repo-license","reference_only","false","No direct transfer approved by M1."
"legacy-cad-2026-07-23","cad-file/dxf/finished/DXF-100-L2AF-dimstyle-table-pointer-context.md","documentation","5240","79fda7c0e8e12356dad0b88986249fd46565c85adb4d33f9c00bba509b295a50","untracked","legacy-local-untracked","unverified-no-repo-license","reference_only","false","No direct transfer approved by M1."
"legacy-cad-2026-07-23","cad-file/dxf/finished/DXF-100-L2AG-header-material-pointer-context.md","documentation","5166","5e51b9777a01267730fc2d066a8bf29ad87f395d031255f8382184e00a5b57c5","untracked","legacy-local-untracked","unverified-no-repo-license","reference_only","false","No direct transfer approved by M1."
"legacy-cad-2026-07-23","cad-file/dxf/finished/DXF-100-L2AH-vport-visual-style-pointer-context.md","documentation","5093","a8743fd07df2784e54164bdba1841ffe301a7c0f98edd8c9bfaa2ff1c6d0b927","untracked","legacy-local-untracked","unverified-no-repo-license","reference_only","false","No direct transfer approved by M1."
"legacy-cad-2026-07-23","cad-file/dxf/finished/DXF-100-L2AI-xrecord-tablestyle-pointer-context.md","documentation","5130","bfff3a14199e4f33340514ca54c0b42ae712290e2b147b8b53edb1a17a753c7a","untracked","legacy-local-untracked","unverified-no-repo-license","reference_only","false","No direct transfer approved by M1."
"legacy-cad-2026-07-23","cad-file/dxf/finished/DXF-100-L2AJ-sun-vport-pointer-context.md","documentation","5090","a0d18fad781a85af54e05d93a83366907ffb358819c3028ff3580d708a4afa34","untracked","legacy-local-untracked","unverified-no-repo-license","reference_only","false","No direct transfer approved by M1."
"legacy-cad-2026-07-23","cad-file/dxf/finished/DXF-100-L2AK-layout-vport-pointer-context.md","documentation","5163","3024c88dc473d4688aab6e404e3a569dfe3938833f357a9cefcd89f5c7053edf","untracked","legacy-local-untracked","unverified-no-repo-license","reference_only","false","No direct transfer approved by M1."
"legacy-cad-2026-07-23","cad-file/dxf/finished/DXF-100-L2AL-dictionary-table-pointer-context.md","documentation","5271","40a6c3d94eaf48e7d8cdec5c6481c945be9696865bb49869001f45a7541f18ba","untracked","legacy-local-untracked","unverified-no-repo-license","reference_only","false","No direct transfer approved by M1."
"legacy-cad-2026-07-23","cad-file/dxf/finished/DXF-100-L2AM-dictionary-tablestyle-pointer-context.md","documentation","5455","18cde72b2849b3b51819ff65c183a04ece4ec52f446c3d998c2b817ef38f1715","untracked","legacy-local-untracked","unverified-no-repo-license","reference_only","false","No direct transfer approved by M1."
"legacy-cad-2026-07-23","cad-file/dxf/finished/DXF-100-L2G-read-only-owner-graph.md","documentation","2678","edb58477a3a3918d68221793591843c534c7b0a847308a7d2da8028cfcc386ac","untracked","legacy-local-untracked","unverified-no-repo-license","reference_only","false","No direct transfer approved by M1."
"legacy-cad-2026-07-23","cad-file/dxf/finished/DXF-100-L2H-handle-reference-index.md","documentation","2530","905a00c7a2176c669acd01ba2e06d2bae60b3e8d59bcde6d975999ae0d8e81b4","untracked","legacy-local-untracked","unverified-no-repo-license","reference_only","false","No direct transfer approved by M1."
"legacy-cad-2026-07-23","cad-file/dxf/finished/DXF-100-L2O-owner-pointer-reference-split.md","documentation","2740","acd0e67ae47212961b7106b8b0ad75f67489f62386c8869290b7ff71ffd026f5","untracked","legacy-local-untracked","unverified-no-repo-license","reference_only","false","No direct transfer approved by M1."
"legacy-cad-2026-07-23","cad-file/dxf/finished/DXF-100-L2P-pointer-target-audit.md","documentation","3523","188978f9af54f8ff67fb8cbfb61319e41c1c97f5c13152bb91f06021a0411995","untracked","legacy-local-untracked","unverified-no-repo-license","reference_only","false","No direct transfer approved by M1."
"legacy-cad-2026-07-23","cad-file/dxf/finished/DXF-100-L2Q-pointer-null-target-classification.md","documentation","3852","20f9cd2bf93187ce7ffde9764b38c2c3e5ca3f29b8f9e7d9339a21ad864342da","untracked","legacy-local-untracked","unverified-no-repo-license","reference_only","false","No direct transfer approved by M1."
"legacy-cad-2026-07-23","cad-file/dxf/finished/DXF-100-L2R-pointer-context-matrix.md","documentation","4205","561a18086b751e39182103fbc49bb619e1e2906280e752a0cc27cf2b8684807a","untracked","legacy-local-untracked","unverified-no-repo-license","reference_only","false","No direct transfer approved by M1."
"legacy-cad-2026-07-23","cad-file/dxf/finished/DXF-100-L2S-pointer-candidate-semantics.md","documentation","3844","d651ac366b97ee60490f3baaea2d7dcfae5d1effd453e308a0533ff838fda26c","untracked","legacy-local-untracked","unverified-no-repo-license","reference_only","false","No direct transfer approved by M1."
"legacy-cad-2026-07-23","cad-file/dxf/finished/DXF-100-L2S1-v30-corpus-gate.md","documentation","4123","e1e3a59c811681394b9ccf7e1269942d20281efb6ef9c6311695804db02e030d","untracked","legacy-local-untracked","unverified-no-repo-license","reference_only","false","No direct transfer approved by M1."
"legacy-cad-2026-07-23","cad-file/dxf/finished/DXF-100-L2T-owner-reference-target-audit.md","documentation","3016","2cd7a448775f593f0864d7c45f766a90c944d63f20b8a9d8c863ad7d1c188e4a","untracked","legacy-local-untracked","unverified-no-repo-license","reference_only","false","No direct transfer approved by M1."
"legacy-cad-2026-07-23","cad-file/dxf/finished/DXF-100-L2U-pointer-target-context-audit.md","documentation","4535","cc43e1c4871a8928995a7ec8fd933e9ec9ff9453ec1d76f94f64cc3eb1067825","untracked","legacy-local-untracked","unverified-no-repo-license","reference_only","false","No direct transfer approved by M1."
"legacy-cad-2026-07-23","cad-file/dxf/finished/DXF-100-L2V-layer-material-pointer-context.md","documentation","5701","9fe320ee70e7145d0b726b456e4fdcb7ad9769efd03f9c71fcd9fa1460013599","untracked","legacy-local-untracked","unverified-no-repo-license","reference_only","false","No direct transfer approved by M1."
"legacy-cad-2026-07-23","cad-file/dxf/finished/DXF-100-L2W-cellstylemap-linetype-pointer-context.md","documentation","4834","bb32916aeaad1ac120958b009ddd6f320b6cf5347f161a748ce87c6039a456fd","untracked","legacy-local-untracked","unverified-no-repo-license","reference_only","false","No direct transfer approved by M1."
"legacy-cad-2026-07-23","cad-file/dxf/finished/DXF-100-L2X-linetype-style-pointer-context.md","documentation","4957","f804853bb41893711a12ea36b32d0c9b80140d93ee6b72266aeeb955cdd18134","untracked","legacy-local-untracked","unverified-no-repo-license","reference_only","false","No direct transfer approved by M1."
"legacy-cad-2026-07-23","cad-file/dxf/finished/DXF-100-L2Y-object-style-linetype-pointer-context.md","documentation","5509","56f6b09d3dcf60813efa852d161543d5a926dbf0a1d686b99dbc0da442486d85","untracked","legacy-local-untracked","unverified-no-repo-license","reference_only","false","No direct transfer approved by M1."
"legacy-cad-2026-07-23","cad-file/dxf/finished/DXF-100-L2Z-cellstylemap-style-pointer-context.md","documentation","4185","bfa7de297ace1c1911d7a86b2be3190253ad43b8d9084bc217ea60eb1e294c9f","untracked","legacy-local-untracked","unverified-no-repo-license","reference_only","false","No direct transfer approved by M1."
"legacy-cad-2026-07-23","cad-file/dxf/finished/DXF-100-O1-OLE2FRAME-metadata-policy.md","documentation","2368","4283f4042f4e623f7c6b175cdbacb844f370ddf7a732af9ef8ba9a634078ecf6","untracked","legacy-local-untracked","unverified-no-repo-license","reference_only","false","No direct transfer approved by M1."
"legacy-cad-2026-07-23","cad-file/dxf/finished/DXF-100-R0-v49-rebaseline.md","documentation","3062","86f2c60a352c87a7910c127e3abf00644a581a9fba54e73cb39a5d96ab034e33","untracked","legacy-local-untracked","unverified-no-repo-license","reference_only","false","No direct transfer approved by M1."
"legacy-cad-2026-07-23","cad-file/dxf/finished/DXF-100-R1-spec-coverage-inventory.md","documentation","3405","ea8ba9e7d8f3fd549a9c375030589551be3eea994345e7e112678b7b310b97b0","untracked","legacy-local-untracked","unverified-no-repo-license","reference_only","false","No direct transfer approved by M1."
"legacy-cad-2026-07-23","cad-file/dxf/finished/DXF-100-R2-acadver-app-visible.md","documentation","1151","1ea54b941991b04db45a80c0d92626d64cd369f2dbb203f4e79d7986eeec8f0d","untracked","legacy-local-untracked","unverified-no-repo-license","reference_only","false","No direct transfer approved by M1."
"legacy-cad-2026-07-23","cad-file/dxf/finished/DXF-100-R2-acadver-fixture-matrix.md","documentation","2435","09c21f4e80f7fae2651f9da74eb6cfba84adeb274c6ba1590ed29bc7a20971f2","untracked","legacy-local-untracked","unverified-no-repo-license","reference_only","false","No direct transfer approved by M1."
"legacy-cad-2026-07-23","cad-file/dxf/finished/DXF-100-R2-acadver-public-metadata.md","documentation","2282","656fae013b67fc79dfbf4aeab9073fa720f29a121a7f45d4d5e63ac83a383e2d","untracked","legacy-local-untracked","unverified-no-repo-license","reference_only","false","No direct transfer approved by M1."
"legacy-cad-2026-07-23","cad-file/dxf/finished/DXF-100-R2-binary-chunk-source-spans.md","documentation","3675","1177d257e8854be1fba323632d06dcab5211cf55a4377c41e81a5763da94ffe9","untracked","legacy-local-untracked","unverified-no-repo-license","reference_only","false","No direct transfer approved by M1."
"legacy-cad-2026-07-23","cad-file/dxf/finished/DXF-100-R2-binary-group-stream-fixture-decode.md","documentation","5341","9b0465c261755bad57d07093969111d3694137edfa0bb6e5788df59fdff32598","untracked","legacy-local-untracked","unverified-no-repo-license","reference_only","false","No direct transfer approved by M1."
"legacy-cad-2026-07-23","cad-file/dxf/finished/DXF-100-R2-binary-signature-pass-through.md","documentation","3280","d954a378d9da3d95e9e3ea6af4afeee84562042a23bd436111232e33c0638e35","untracked","legacy-local-untracked","unverified-no-repo-license","reference_only","false","No direct transfer approved by M1."
"legacy-cad-2026-07-23","cad-file/dxf/finished/DXF-100-R2-closure-audit.md","documentation","6874","fd4902ef07396a39552c0ced1cf1a21dafc3dc25f3cbc1a1e09308afb2f49af5","untracked","legacy-local-untracked","unverified-no-repo-license","reference_only","false","No direct transfer approved by M1."
"legacy-cad-2026-07-23","cad-file/dxf/finished/DXF-100-R2-extension-dictionary-source-spans.md","documentation","4135","7f73c14f047149ae16394503159b52200125156600ed9f4a07b55eb3965a20fe","untracked","legacy-local-untracked","unverified-no-repo-license","reference_only","false","No direct transfer approved by M1."
"legacy-cad-2026-07-23","cad-file/dxf/finished/DXF-100-R2-group-code-domain-validation.md","documentation","3296","ee4364b6c9b060b9638165ee8ba1290efd78c8e8e2644f99f378539fe2561f00","untracked","legacy-local-untracked","unverified-no-repo-license","reference_only","false","No direct transfer approved by M1."
"legacy-cad-2026-07-23","cad-file/dxf/finished/DXF-100-R2-handle-reference-source-coverage.md","documentation","3351","fc1468c13c844f6aa7a063f3c9f5bac6d594b80159ea3fb36ab73f13457e59b0","untracked","legacy-local-untracked","unverified-no-repo-license","reference_only","false","No direct transfer approved by M1."
"legacy-cad-2026-07-23","cad-file/dxf/finished/DXF-100-R2-line-ending-source-preservation.md","documentation","3057","9bb3f3bf6fe00e0f927d3e9ca9d7b9338eb13216bcfabb0b9aa19ea18e7f392c","untracked","legacy-local-untracked","unverified-no-repo-license","reference_only","false","No direct transfer approved by M1."
"legacy-cad-2026-07-23","cad-file/dxf/finished/DXF-100-R2-proxy-record-source-spans.md","documentation","4095","b8b69e82d39df4cdb882f6a60aed6617c07c93c435830c05bf0f35e7185ba631","untracked","legacy-local-untracked","unverified-no-repo-license","reference_only","false","No direct transfer approved by M1."
"legacy-cad-2026-07-23","cad-file/dxf/finished/DXF-100-R2-raw-pointer-context-index.md","documentation","4117","2e4cb750fd2acc2e540228042fe9c00bdcaf3268dd89bd85222ef8fc98985f9a","untracked","legacy-local-untracked","unverified-no-repo-license","reference_only","false","No direct transfer approved by M1."
"legacy-cad-2026-07-23","cad-file/dxf/finished/DXF-100-R2-raw-record-span-source-coverage.md","documentation","3023","7b947f6a631b0551aca2de951c5b0373cabba14a58a3c66895219d6df5091ee9","untracked","legacy-local-untracked","unverified-no-repo-license","reference_only","false","No direct transfer approved by M1."
"legacy-cad-2026-07-23","cad-file/dxf/finished/DXF-100-R2-records-diagnostics-interface.md","documentation","3830","f8fc8277de8dd54134758859cede522ef21b3f295078905bb7a422e4aed33022","untracked","legacy-local-untracked","unverified-no-repo-license","reference_only","false","No direct transfer approved by M1."
"legacy-cad-2026-07-23","cad-file/dxf/finished/DXF-100-R2-section-boundary-validation.md","documentation","3390","6292e72f409096121f9c87f47f3ca2ded1281bae53805adffde301dae8501373","untracked","legacy-local-untracked","unverified-no-repo-license","reference_only","false","No direct transfer approved by M1."
"legacy-cad-2026-07-23","cad-file/dxf/finished/DXF-100-R2-section-source-feature-coverage.md","documentation","2935","fb2c2b57a23313dbc175fe38eb8c0b9fabf0e417abe481831c26f05737a5a560","untracked","legacy-local-untracked","unverified-no-repo-license","reference_only","false","No direct transfer approved by M1."
"legacy-cad-2026-07-23","cad-file/dxf/finished/DXF-100-R2-section-source-spans.md","documentation","3027","e6d61424f16deac4a9d6a4e2b17ddcf4fc946a1b7ed72fe4c7a0e857d90ee489","untracked","legacy-local-untracked","unverified-no-repo-license","reference_only","false","No direct transfer approved by M1."
"legacy-cad-2026-07-23","cad-file/dxf/finished/DXF-100-R2-source-feature-module-split.md","documentation","2102","21d653ffb6f8a7f40f3c686128e5a87b3c31c5821ad66ba1d200e59ed034b179","untracked","legacy-local-untracked","unverified-no-repo-license","reference_only","false","No direct transfer approved by M1."
"legacy-cad-2026-07-23","cad-file/dxf/finished/DXF-100-R2-thumbnail-image-source-spans.md","documentation","4912","c5117d7286e21b16c90fe15f7200a31d999bda6add06371e30d0dd87b8935bd3","untracked","legacy-local-untracked","unverified-no-repo-license","reference_only","false","No direct transfer approved by M1."
"legacy-cad-2026-07-23","cad-file/dxf/finished/DXF-100-R2-unknown-group-zero-source-spans.md","documentation","4227","faf639d5184a625fa37ec998d21ee707694fbfa266748f41fb709e401333d82b","untracked","legacy-local-untracked","unverified-no-repo-license","reference_only","false","No direct transfer approved by M1."
"legacy-cad-2026-07-23","cad-file/dxf/finished/DXF-100-R2-xdata-source-spans.md","documentation","3451","34d9a3e7a6cc10d48070af610c06c5be78fd32155080cde42faba66974d51aac","untracked","legacy-local-untracked","unverified-no-repo-license","reference_only","false","No direct transfer approved by M1."
"legacy-cad-2026-07-23","cad-file/dxf/finished/DXF-100-R3-block-record-topology-inventory.md","documentation","2266","f42d58d13ebeed091343482353670e0fd59d3da9a0aa9a0fa9a5c05f63d44e79","untracked","legacy-local-untracked","unverified-no-repo-license","reference_only","false","No direct transfer approved by M1."
"legacy-cad-2026-07-23","cad-file/dxf/finished/DXF-100-R3-closure-audit.md","documentation","5388","871310c40f70fd0eb73153b47d5f5d7edf47ad1890638d7aae3f345ef0ea6bf4","untracked","legacy-local-untracked","unverified-no-repo-license","reference_only","false","No direct transfer approved by M1."
"legacy-cad-2026-07-23","cad-file/dxf/finished/DXF-100-R3-dictionary-topology-inventory.md","documentation","3428","5089310ece6eebfad248a0d54eebdc9b9691da35e2a267b6086967706b668035","untracked","legacy-local-untracked","unverified-no-repo-license","reference_only","false","No direct transfer approved by M1."
"legacy-cad-2026-07-23","cad-file/dxf/finished/DXF-100-R3-extension-dictionary-topology-inventory.md","documentation","2368","0e09ec4d8456e1e11c558a8f841c5e6aba75017e714be130c51e588d61cd2bfa","untracked","legacy-local-untracked","unverified-no-repo-license","reference_only","false","No direct transfer approved by M1."
"legacy-cad-2026-07-23","cad-file/dxf/finished/DXF-100-R3-handle-reference-kind-semantics.md","documentation","3796","ef638b362e337021248f43cadc5581b631f673a413fc4ed4d4ffb4e811113640","untracked","legacy-local-untracked","unverified-no-repo-license","reference_only","false","No direct transfer approved by M1."
"legacy-cad-2026-07-23","cad-file/dxf/finished/DXF-100-R3-layout-topology-inventory.md","documentation","3577","748a760a021e711b82a2e1fd24f71f8fa08dd8c605d061625ee9761e0704ee78","untracked","legacy-local-untracked","unverified-no-repo-license","reference_only","false","No direct transfer approved by M1."
"legacy-cad-2026-07-23","cad-file/dxf/finished/DXF-100-R3-owner-graph-kind-policy.md","documentation","3812","6aa84f36296a5d6d4d9d11add8e79067043e669e675e8cf4a45ee1da6744d0e9","untracked","legacy-local-untracked","unverified-no-repo-license","reference_only","false","No direct transfer approved by M1."
"legacy-cad-2026-07-23","cad-file/dxf/finished/DXF-100-R3-reactor-topology-inventory.md","documentation","2276","f86b8b8f6e598cbce0b43ed595d05a29a08e5d7546b6477693798848a33a0ccf","untracked","legacy-local-untracked","unverified-no-repo-license","reference_only","false","No direct transfer approved by M1."
"legacy-cad-2026-07-23","cad-file/dxf/finished/DXF-100-R3-read-only-topology-policy.md","documentation","3671","d4db767e2dbf4ff1e3147299818a62f24071f72fa695a6cafdd4c1c4bfe0976a","untracked","legacy-local-untracked","unverified-no-repo-license","reference_only","false","No direct transfer approved by M1."
"legacy-cad-2026-07-23","cad-file/dxf/finished/DXF-100-R3-sortents-topology-inventory.md","documentation","3393","05abff7453412fe92f4d118595ed5e46966d47304ca2387581c41d5f0005317d","untracked","legacy-local-untracked","unverified-no-repo-license","reference_only","false","No direct transfer approved by M1."
"legacy-cad-2026-07-23","cad-file/dxf/finished/DXF-100-R3-style-reference-topology-inventory.md","documentation","2540","38f7dc2a6f297c5db60e4765102ca50ed46e2b6fce7b90823c187772e7ed6213","untracked","legacy-local-untracked","unverified-no-repo-license","reference_only","false","No direct transfer approved by M1."
"legacy-cad-2026-07-23","cad-file/dxf/finished/DXF-100-R3-topology-promotion-blockers.md","documentation","2241","5fa885a4597d18883d125cb4a4d79c8d2b6b8b97af788930389cda205da53c57","untracked","legacy-local-untracked","unverified-no-repo-license","reference_only","false","No direct transfer approved by M1."
"legacy-cad-2026-07-23","cad-file/dxf/finished/DXF-100-R3-topology-semantics-inventory.md","documentation","3780","d82b06d0966ee74bcc5d08f829693218acba73e40a34a83da50e2e973561b2cd","untracked","legacy-local-untracked","unverified-no-repo-license","reference_only","false","No direct transfer approved by M1."
"legacy-cad-2026-07-23","cad-file/dxf/finished/DXF-100-R4-ATTDEF-source-field-preservation-gate.md","documentation","2714","7028257924564a469197feef62162247d45624e49da6dd56de4e91b2b398821a","untracked","legacy-local-untracked","unverified-no-repo-license","reference_only","false","No direct transfer approved by M1."
"legacy-cad-2026-07-23","cad-file/dxf/finished/DXF-100-R4-ATTDEF-source-span-overlay.md","documentation","2840","8fba3e3b05a4e79c9f6baa23d223e84139253608a13ac76d89bf68cc6c135d84","untracked","legacy-local-untracked","unverified-no-repo-license","reference_only","false","No direct transfer approved by M1."
"legacy-cad-2026-07-23","cad-file/dxf/finished/DXF-100-R4-DIMENSION-source-field-preservation.md","documentation","4276","28ee5c1b3b948596a66061b8196553a9772a83640f41b65f850b6668284b570f","untracked","legacy-local-untracked","unverified-no-repo-license","reference_only","false","No direct transfer approved by M1."
"legacy-cad-2026-07-23","cad-file/dxf/finished/DXF-100-R4-LEADER-source-field-preservation.md","documentation","3513","43a755c4faf273d8ae7f00acca069534cfa7be1e9551881e3a68d23f00775e01","untracked","legacy-local-untracked","unverified-no-repo-license","reference_only","false","No direct transfer approved by M1."
"legacy-cad-2026-07-23","cad-file/dxf/finished/DXF-100-R4-MESH-base-face-normalization.md","documentation","2062","33e7d3fcdeccd7c30cd8b13b3a318eceecaa7d508cc3e2127200bfd5434e2eea","untracked","legacy-local-untracked","unverified-no-repo-license","reference_only","false","No direct transfer approved by M1."
"legacy-cad-2026-07-23","cad-file/dxf/finished/DXF-100-R4-MLINE-source-field-preservation.md","documentation","3071","9348ce76100d2015086652f7bdbaa480d48d69286597010e09db7ae3cac8b5f6","untracked","legacy-local-untracked","unverified-no-repo-license","reference_only","false","No direct transfer approved by M1."
"legacy-cad-2026-07-23","cad-file/dxf/finished/DXF-100-R4-VIEWPORT-source-field-preservation.md","documentation","4739","26ce35e8f90a48e19b6deedaa9ffcc158b09ca7b3ceb8f1ff197b40bafc11de8","untracked","legacy-local-untracked","unverified-no-repo-license","reference_only","false","No direct transfer approved by M1."
"legacy-cad-2026-07-23","cad-file/dxf/finished/DXF-100-R4-entity-coverage-gap-ledger.md","documentation","2634","df92ffa5bedaed1b58ad47c78a5031de292852826c259c3417234cffe08fb540","untracked","legacy-local-untracked","unverified-no-repo-license","reference_only","false","No direct transfer approved by M1."
"legacy-cad-2026-07-23","cad-file/dxf/finished/DXF-100-R4-infinite-line-normalization.md","documentation","2730","3b0a6d5628727afcdc454f809b8aedfa43be354281ff256dbdf8cf3e2284f7cd","untracked","legacy-local-untracked","unverified-no-repo-license","reference_only","false","No direct transfer approved by M1."
"legacy-cad-2026-07-23","cad-file/dxf/finished/DXF-100-R4-planar-face-normalization.md","documentation","3942","d18c12f71aca9144cbdbaed8263a17b06ec83a9797b3159de70ea43d9e529e44","untracked","legacy-local-untracked","unverified-no-repo-license","reference_only","false","No direct transfer approved by M1."
"legacy-cad-2026-07-23","cad-file/dxf/finished/DXF-100-R4-polyface-mesh-normalization.md","documentation","2788","087ee13472f58e2a1047ea73d9260b645e8de4ca7b7384852933f3fbc2134c6f","untracked","legacy-local-untracked","unverified-no-repo-license","reference_only","false","No direct transfer approved by M1."
"legacy-cad-2026-07-23","cad-file/dxf/finished/DXF-100-R4-spline-source-field-normalization.md","documentation","3135","a2ffd37bda495976f25620d6f5fbeb55142fcc7c03965417e3c91b80dfc5e675","untracked","legacy-local-untracked","unverified-no-repo-license","reference_only","false","No direct transfer approved by M1."
"legacy-cad-2026-07-23","cad-file/dxf/finished/DXF-100-W1-workflow-gate-hardening.md","documentation","2609","4ec3057f835486cb6d37eecdf3b2b149e08279113ea17416272f10a4cdf2e2ae","untracked","legacy-local-untracked","unverified-no-repo-license","reference_only","false","No direct transfer approved by M1."
"legacy-cad-2026-07-23","cad-file/dxf/finished/DXF-100-W2-workflow-report-loc-summary.md","documentation","1989","ec11313347b0e6430969771719873319a017c49ed8bd1b2face837fbb2efac96","untracked","legacy-local-untracked","unverified-no-repo-license","reference_only","false","No direct transfer approved by M1."
"legacy-cad-2026-07-23","cad-file/dxf/finished/DXF-100-W3-approved-milestone-queue.md","documentation","2397","cca79bd5c715c9fdfcbcc7d38631fd801a43e1b9d3311a4056eef90b1ee89db5","untracked","legacy-local-untracked","unverified-no-repo-license","reference_only","false","No direct transfer approved by M1."
"legacy-cad-2026-07-23","cad-file/dxf/finished/DXF-100-W4-rtk-output-filter.md","documentation","2060","025bb87db6ab7ec06d1a682d155b4fdb5ddc352fbe9c8c4f128e4ce8a9688cb9","untracked","legacy-local-untracked","unverified-no-repo-license","reference_only","false","No direct transfer approved by M1."
"legacy-cad-2026-07-23","cad-file/dxf/finished/DXF-100-W5-public-roadmap-seed.md","documentation","1784","a2000af92785b27d346973bf9f705ae0fa3398f274d7b86c012313f0c8210842","untracked","legacy-local-untracked","unverified-no-repo-license","reference_only","false","No direct transfer approved by M1."
"legacy-cad-2026-07-23","cad-file/dxf/finished/DXF-100-W7-cad-file-dxf-index-split.md","documentation","1327","828dd355000de3a06bd4596042a4198016db3abdd7ca90f9baa842e2b8133440","untracked","legacy-local-untracked","unverified-no-repo-license","reference_only","false","No direct transfer approved by M1."
"legacy-cad-2026-07-23","cad-file/dxf/finished/DXF-100-W8-cad-file-quota-mode-raw-folder.md","documentation","840","de74241174464eae7585a48596fa1099a9b952119adb20fca7a847981abeed76","untracked","legacy-local-untracked","unverified-no-repo-license","reference_only","false","No direct transfer approved by M1."
"legacy-cad-2026-07-23","cad-file/dxf/finished/DXF-100-XPLAT-X0-rebaseline.md","documentation","4022","36ded1823656370afa0c8876e830d12a28b381dce17298a902bd2f52414f7025","untracked","legacy-local-untracked","unverified-no-repo-license","reference_only","false","No direct transfer approved by M1."
"legacy-cad-2026-07-23","cad-file/dxf/finished/README.md","documentation","21193","9b039ab21bd1753a42d421ccfdb49ca347b356e30cf08650c54a0f7f47994927","untracked","legacy-local-untracked","unverified-no-repo-license","reference_only","false","No direct transfer approved by M1."
"legacy-cad-2026-07-23","cad-file/dxf/finished/dxf-history.md","documentation","55708","3130230efb2d635e6f4715ab3935d210c349e4681c890579da354b60136bfa56","untracked","legacy-local-untracked","unverified-no-repo-license","reference_only","false","No direct transfer approved by M1."
"legacy-cad-2026-07-23","cad-file/dxf/knowledge/README.md","documentation","565","78b6634f3e956f3f41a5c3b952b1a501582900d2859f9df62119e3a443d1db85","untracked","legacy-local-untracked","unverified-no-repo-license","reference_only","false","No direct transfer approved by M1."
"legacy-cad-2026-07-23","cad-file/dxf/knowledge/current-normalized-view.md","documentation","37104","2107abf506ff9ce543277f28bb316c52dd2beb12a595530e21b23e14215fb225","untracked","legacy-local-untracked","unverified-no-repo-license","reference_only","false","No direct transfer approved by M1."
"legacy-cad-2026-07-23","cad-file/dxf/raw/2026-07-02-accoreconsole-dxf-entity-scope-v2.md","documentation","4772","962b871aa93ced127d3a8b966b156efd6bb99ae83cddce639154fd75a3e66fbf","untracked","legacy-local-untracked","unverified-no-repo-license","reference_only","false","No direct transfer approved by M1."
"legacy-cad-2026-07-23","cad-file/dxf/raw/2026-07-02-accoreconsole-dxf-inventory-v2.md","documentation","4446","c413731dbbfcd74d25ceaf0afb435ddfd44d1149ec5587150a1d65510c2f1870","untracked","legacy-local-untracked","unverified-no-repo-license","reference_only","false","No direct transfer approved by M1."
"legacy-cad-2026-07-23","cad-file/dxf/raw/2026-07-02-autocad-full-dxf-inventory-attempt-v1.md","documentation","1412","5e5658f643119009a92814b4339a7b4cffd0e65c16eb77ee73151be480799cc2","untracked","legacy-local-untracked","unverified-no-repo-license","reference_only","false","No direct transfer approved by M1."
"legacy-cad-2026-07-23","cad-file/dxf/raw/2026-07-02-cad-oracle-summary-autodetect-v2.md","documentation","958","a21237c7d51dd847196b112376bb56d429fd57d4d010c06efabaf28d02e97b1c","untracked","legacy-local-untracked","unverified-no-repo-license","reference_only","false","No direct transfer approved by M1."
"legacy-cad-2026-07-23","cad-file/dxf/raw/2026-07-02-cad-oracle-summary-tool.md","documentation","1014","8e167dc5809b73520d4ca7097dbf09b6485c15697d84236292da2d9986dcccc7","untracked","legacy-local-untracked","unverified-no-repo-license","reference_only","false","No direct transfer approved by M1."
"legacy-cad-2026-07-23","cad-file/dxf/raw/2026-07-02-oracle-data-collection-v1.md","documentation","2612","36fc628b8f07ba38e7f7e74fae2e99b0abf691e22ebb450f0984a7060d982a33","untracked","legacy-local-untracked","unverified-no-repo-license","reference_only","false","No direct transfer approved by M1."
"legacy-cad-2026-07-23","cad-file/dxf/raw/2026-07-02-oracle-permission-autocad-microstation.md","documentation","3986","acd94cb0bf75d27a28b71fe1174e0283116cce7e1d3053d5c2e6841e5ebb2738","untracked","legacy-local-untracked","unverified-no-repo-license","reference_only","false","No direct transfer approved by M1."
"legacy-cad-2026-07-23","cad-file/dxf/raw/2026-07-02-r4-legacy-polygon-mesh.md","documentation","3009","a868fe3f98a489c5066a1bc11860cbc88ad3392d419c242d28b24b2518d9a89a","untracked","legacy-local-untracked","unverified-no-repo-license","reference_only","false","No direct transfer approved by M1."
"legacy-cad-2026-07-23","cad-file/dxf/raw/2026-07-02-r4-mleader-evidence-v83.md","documentation","3051","832ea006163e096bcbf68f71c97aa047c929d8c03f9f209ac735ca71e8b80ae5","untracked","legacy-local-untracked","unverified-no-repo-license","reference_only","false","No direct transfer approved by M1."
"legacy-cad-2026-07-23","cad-file/dxf/raw/2026-07-02-r4-mleader-source-overlay.md","documentation","3577","4f185129c3c02e0f28eeed53f5769ac2bd0a34eb2b779c2ca8c352ac153941ee","untracked","legacy-local-untracked","unverified-no-repo-license","reference_only","false","No direct transfer approved by M1."
"legacy-cad-2026-07-23","cad-file/dxf/raw/2026-07-04-dxf-data-intake-local-ezdxf.md","documentation","7801","ebd9f673b96523e43580f92f59dc26a0e0ebb19d4fbd4439fdd04642e2bd6858","untracked","legacy-local-untracked","unverified-no-repo-license","reference_only","false","No direct transfer approved by M1."
"legacy-cad-2026-07-23","cad-file/dxf/raw/2026-07-04-oda-file-converter-intake.md","documentation","7563","e14bb2600c2fba7c1cbe2061faad6378dfa534f94ef0d377a8b72def0edfb501","untracked","legacy-local-untracked","unverified-no-repo-license","reference_only","false","No direct transfer approved by M1."
"legacy-cad-2026-07-23","cad-file/dxf/raw/2026-07-04-public-qcad-and-dwg-bridge.md","documentation","10654","1e602e5997a400cc4bc0f753efb6c21864b290b4b0f0fe65cbb8bcf7e9605543","untracked","legacy-local-untracked","unverified-no-repo-license","reference_only","false","No direct transfer approved by M1."
"legacy-cad-2026-07-23","cad-file/dxf/raw/2026-07-05-autocad-com-tlb-rare-entity-probe.md","documentation","6346","b867597516d42e0146d1c73fb87de5a475e5a26c1872ace658586bd9fa7251c5","untracked","legacy-local-untracked","unverified-no-repo-license","reference_only","false","No direct transfer approved by M1."
"legacy-cad-2026-07-23","cad-file/dxf/raw/2026-07-05-autocad-modeler-body-oracle-probe.md","documentation","4720","8bcbde23bc7d3af6ad8fb9ff3aaca6919e59434be9ed30b842481cacc3fad89e","untracked","legacy-local-untracked","unverified-no-repo-license","reference_only","false","No direct transfer approved by M1."
"legacy-cad-2026-07-23","cad-file/dxf/raw/2026-07-05-autocad-oracle-acad-table.md","documentation","5738","464a809c1e5226817e0c0975f5a67efef934b54375a87dd454a795c854466f2c","untracked","legacy-local-untracked","unverified-no-repo-license","reference_only","false","No direct transfer approved by M1."
"legacy-cad-2026-07-23","cad-file/dxf/raw/2026-07-05-librecad-public-intake.md","documentation","7051","2bd820185090efc681c3ce4f07348a117e0c0cf16dc44e5c2e7c654766501cb8","untracked","legacy-local-untracked","unverified-no-repo-license","reference_only","false","No direct transfer approved by M1."
"legacy-cad-2026-07-23","cad-file/dxf/raw/2026-07-05-libredwg-public-dxf-dwg-intake.md","documentation","13024","fbe41cacf34c418253761eb1df6b5fe40e939a3c6df0063b256652432b4ea7ba","untracked","legacy-local-untracked","unverified-no-repo-license","reference_only","false","No direct transfer approved by M1."
"legacy-cad-2026-07-23","cad-file/dxf/raw/2026-07-05-local-rare-row-sweep.md","documentation","6445","517da0db817df523a8f3cc3884784f1eb36b61fea7e9491a15a6caf7dfb67257","untracked","legacy-local-untracked","unverified-no-repo-license","reference_only","false","No direct transfer approved by M1."
"legacy-cad-2026-07-23","cad-file/dxf/raw/2026-07-05-local-test-dxf-oda-gap-rescan.md","documentation","5336","3fb5c6efb35c1854ae804972ec6b37e06914e7c7160917048e73cfbc353b5a23","untracked","legacy-local-untracked","unverified-no-repo-license","reference_only","false","No direct transfer approved by M1."
"legacy-cad-2026-07-23","cad-file/dxf/raw/2026-07-05-openscad-public-intake.md","documentation","6627","f5532550f9c36ba6f2e682b568af0de4022791c673c3efc21d4b6ec4d2de59a5","untracked","legacy-local-untracked","unverified-no-repo-license","reference_only","false","No direct transfer approved by M1."
"legacy-cad-2026-07-23","cad-file/dxf/raw/2026-07-05-public-gap-search-prior-art-seed.md","documentation","5833","2ac71b778010057edc2f22160554c207b7dea6505d457b78a6156cdfd94a863b","untracked","legacy-local-untracked","unverified-no-repo-license","reference_only","false","No direct transfer approved by M1."
"legacy-cad-2026-07-23","cad-file/dxf/raw/2026-07-05-targeted-gap-hunt-web-incoming.md","documentation","9388","ea6453cfc212be2150f66701e61df950985016d3a1974e63385e9e0c0733fbc9","untracked","legacy-local-untracked","unverified-no-repo-license","reference_only","false","No direct transfer approved by M1."
"legacy-cad-2026-07-23","cad-file/dxf/raw/2026-07-16-acis-structural-source-v95.md","documentation","2318","d0dbeeeaf6e3afdfde6ceb128ebed76802cba4329a6437b585275702722220c3","untracked","legacy-local-untracked","unverified-no-repo-license","reference_only","false","No direct transfer approved by M1."
"legacy-cad-2026-07-23","cad-file/dxf/raw/2026-07-16-attrib-structural-source-v93.md","documentation","2055","c652888627502feaa299ff4094195f885417d3ee3e3e695f6a39227c1e64fd00","untracked","legacy-local-untracked","unverified-no-repo-license","reference_only","false","No direct transfer approved by M1."
"legacy-cad-2026-07-23","cad-file/dxf/raw/2026-07-16-body-oleframe-seed-regression-v87.md","documentation","3208","e9d13c58bbb265afd51bab2867006ad701d270d4b5cdf5943263519665a63445","untracked","legacy-local-untracked","unverified-no-repo-license","reference_only","false","No direct transfer approved by M1."
"legacy-cad-2026-07-23","cad-file/dxf/raw/2026-07-16-container-core-workflow.md","documentation","4362","ccdecae8baa14fb64829e0a04b441b67a89818a9dfff1931e1ed410aeaa00542","untracked","legacy-local-untracked","unverified-no-repo-license","reference_only","false","No direct transfer approved by M1."
"legacy-cad-2026-07-23","cad-file/dxf/raw/2026-07-16-dxf-next-gap-tool.md","documentation","3358","52538b7dbed6ad5c7c7c6bb6159abc2f9f73493fa24645b40c4b8a7982b85000","untracked","legacy-local-untracked","unverified-no-repo-license","reference_only","false","No direct transfer approved by M1."
"legacy-cad-2026-07-23","cad-file/dxf/raw/2026-07-16-dxf-verify-milestone-tool.md","documentation","4043","d1612ee04ec0918ea25e4bafbd913625a2ffd31ed7841ae84c04884ad25d8da7","untracked","legacy-local-untracked","unverified-no-repo-license","reference_only","false","No direct transfer approved by M1."
"legacy-cad-2026-07-23","cad-file/dxf/raw/2026-07-16-entity-gap-status-summary.md","documentation","3492","c37d3eb9d895af3f5eeb84b83d398c1a2b7c3df6a96c6135b8c9b09d6c935f89","untracked","legacy-local-untracked","unverified-no-repo-license","reference_only","false","No direct transfer approved by M1."
"legacy-cad-2026-07-23","cad-file/dxf/raw/2026-07-16-entity-gap-status-vocabulary.md","documentation","3183","0f0770dcac4f88484d9b730ef7f16c9058a81d6dd844593bd680bd2a96673901","untracked","legacy-local-untracked","unverified-no-repo-license","reference_only","false","No direct transfer approved by M1."
"legacy-cad-2026-07-23","cad-file/dxf/raw/2026-07-16-fixture-intake-queue-artifact.md","documentation","3303","f26e44279e062f0fec8ca701f380a003064a23318ea8743dacfd63543fbea301","untracked","legacy-local-untracked","unverified-no-repo-license","reference_only","false","No direct transfer approved by M1."
"legacy-cad-2026-07-23","cad-file/dxf/raw/2026-07-16-fixture-intake-seed-augmentation.md","documentation","5073","a78bae4db1d047ea840c5e690f85ec2d0bdb4767430b6d581cbdea5e2d29d988","untracked","legacy-local-untracked","unverified-no-repo-license","reference_only","false","No direct transfer approved by M1."
"legacy-cad-2026-07-23","cad-file/dxf/raw/2026-07-16-image-structural-source-v92.md","documentation","1938","ffc1a6a014640aa174e578d680ef33c80432c9dd1074c7652af15faac11982be","untracked","legacy-local-untracked","unverified-no-repo-license","reference_only","false","No direct transfer approved by M1."
"legacy-cad-2026-07-23","cad-file/dxf/raw/2026-07-16-insert-reference-expanded-partial-v90.md","documentation","1836","5513d02ee90faaf504ec5d17ccb8b95151e1c0fdf4330e7255e825543e504962","untracked","legacy-local-untracked","unverified-no-repo-license","reference_only","false","No direct transfer approved by M1."
"legacy-cad-2026-07-23","cad-file/dxf/raw/2026-07-16-partial-normalized-gap-v89.md","documentation","2918","b59462d9ddc399fb2733863e982a29a192337512d4a68fd73b129a658a6631c0","untracked","legacy-local-untracked","unverified-no-repo-license","reference_only","false","No direct transfer approved by M1."
"legacy-cad-2026-07-23","cad-file/dxf/raw/2026-07-16-polyline-child-record-gap-v88.md","documentation","2835","a1b221e6ab1a5fd47a8e4df0b979e07e8e2a10ebcc1a697d2daef3b98169b694","untracked","legacy-local-untracked","unverified-no-repo-license","reference_only","false","No direct transfer approved by M1."
"legacy-cad-2026-07-23","cad-file/dxf/raw/2026-07-16-proxy-entity-structural-source-v94.md","documentation","2279","5eefd662bdb7368b98313473dd98082bdd444eb5dae1b6510589cd68875a93d7","untracked","legacy-local-untracked","unverified-no-repo-license","reference_only","false","No direct transfer approved by M1."
"legacy-cad-2026-07-23","cad-file/dxf/raw/2026-07-16-section-alias-candidate-v87.md","documentation","4885","207cd30adb14bd71aed73d0b3605cdf06212b8eb5c84de34b76fbb79e0e55ac3","untracked","legacy-local-untracked","unverified-no-repo-license","reference_only","false","No direct transfer approved by M1."
"legacy-cad-2026-07-23","cad-file/dxf/raw/2026-07-16-static-inventory-candidate-artifact.md","documentation","4220","5ddce549dd88361a4215aab1653436655ee136febc26d546feb36603be3caced","untracked","legacy-local-untracked","unverified-no-repo-license","reference_only","false","No direct transfer approved by M1."
"legacy-cad-2026-07-23","cad-file/dxf/raw/2026-07-16-static-row-classification.md","documentation","5197","3fca0619fb0d1b306234a02c90e97ed7a7ec9ec94e6e9009bafafa639ddea9db","untracked","legacy-local-untracked","unverified-no-repo-license","reference_only","false","No direct transfer approved by M1."
"legacy-cad-2026-07-23","cad-file/dxf/raw/2026-07-16-structural-adapter-coverage-v91.md","documentation","2284","b118e3e8d328e8c413a1cfaeeb24ec1a2490aa79ace60a3e2b3654f52203b1ca","untracked","legacy-local-untracked","unverified-no-repo-license","reference_only","false","No direct transfer approved by M1."
"legacy-cad-2026-07-23","cad-file/dxf/raw/2026-07-16-unknown-source-type-overlay.md","documentation","2501","c4afe4316917f642810ce7b42998231e59c1d8bce3cb99075f4ec96ad67a2e1a","untracked","legacy-local-untracked","unverified-no-repo-license","reference_only","false","No direct transfer approved by M1."
"legacy-cad-2026-07-23","cad-file/dxf/raw/2026-07-16-wipeout-structural-source-v96.md","documentation","2927","9146debee5b38e86b5237f040a3674bae2f7af64fc2edcd581808243f199896a","untracked","legacy-local-untracked","unverified-no-repo-license","reference_only","false","No direct transfer approved by M1."
"legacy-cad-2026-07-23","cad-file/dxf/raw/2026-07-18-x0-1-terminal-eof-source-preservation.md","documentation","3489","591fd70390242c13c999cdf949ca41c88b6cd10880392faaa6b858dd8d0a48b3","untracked","legacy-local-untracked","unverified-no-repo-license","reference_only","false","No direct transfer approved by M1."
"legacy-cad-2026-07-23","cad-file/dxf/raw/2026-07-18-x0-2-hatch-group97-context.md","documentation","3175","b2386c9fc98e32139c4859045bf0f07123025bf956a3d008ceb37d893da113bf","untracked","legacy-local-untracked","unverified-no-repo-license","reference_only","false","No direct transfer approved by M1."
"legacy-cad-2026-07-23","cad-file/dxf/raw/2026-07-18-x0-3-thumbnail-accounting-v97.md","documentation","3718","014e5cc76b8b4588aae7a363ebbabcbbff1aaaa99128727176a2c6a7085cc41a","untracked","legacy-local-untracked","unverified-no-repo-license","reference_only","false","No direct transfer approved by M1."
"legacy-cad-2026-07-23","cad-file/dxf/raw/2026-07-18-x0-4-portable-corpus-identity-v98.md","documentation","4548","125c950eb9ec285a1ff9f65fee65f7f5d11f3ab5da83a4b2aa589a86ebed9954","untracked","legacy-local-untracked","unverified-no-repo-license","reference_only","false","No direct transfer approved by M1."
"legacy-cad-2026-07-23","cad-file/dxf/raw/2026-07-18-x1-1-cad-byte-attributes.md","documentation","1238","a16927af889516aa936984a014fff83e04dc0c9ffb3af4d3dd7de0a51bc5ba30","untracked","legacy-local-untracked","unverified-no-repo-license","reference_only","false","No direct transfer approved by M1."
"legacy-cad-2026-07-23","cad-file/dxf/raw/2026-07-18-x1-10-no-follow-corpus-traversal.md","documentation","2255","7f83afdfe94cf524a8064855a5105554b92fed10b7504f04dcb5404db0693bfa","untracked","legacy-local-untracked","unverified-no-repo-license","reference_only","false","No direct transfer approved by M1."
"legacy-cad-2026-07-23","cad-file/dxf/raw/2026-07-18-x1-11-portable-nonunicode-corpus-identity.md","documentation","3069","2032658c02e2276cb70961618a13a30fb144cecb7af576c09296840c3a1d89a2","untracked","legacy-local-untracked","unverified-no-repo-license","reference_only","false","No direct transfer approved by M1."
"legacy-cad-2026-07-23","cad-file/dxf/raw/2026-07-18-x1-12-session-native-path-tests.md","documentation","1030","2f123748b053de605ba134492550a95f19cf70b8cb8e0b3abaef002d2098e692","untracked","legacy-local-untracked","unverified-no-repo-license","reference_only","false","No direct transfer approved by M1."
"legacy-cad-2026-07-23","cad-file/dxf/raw/2026-07-18-x1-14-native-ci-runner-audit.md","documentation","1945","a786c83162d002a5e7bd188069ef4edf35b54b6ba0642910d286e3799d4f9434","untracked","legacy-local-untracked","unverified-no-repo-license","reference_only","false","No direct transfer approved by M1."
"legacy-cad-2026-07-23","cad-file/dxf/raw/2026-07-18-x1-2-native-app-dxf-routing.md","documentation","1502","32e8e7624967e36f1b348954ae330f38ab1be3cf56c01832a83619990b2b3292","untracked","legacy-local-untracked","unverified-no-repo-license","reference_only","false","No direct transfer approved by M1."
"legacy-cad-2026-07-23","cad-file/dxf/raw/2026-07-18-x1-3-byte-safe-format-detection.md","documentation","1123","c3fa366ddb5fb38057ff68742a59b344f7008dd7ac4e0753a40a994e2dd58d18","untracked","legacy-local-untracked","unverified-no-repo-license","reference_only","false","No direct transfer approved by M1."
"legacy-cad-2026-07-23","cad-file/dxf/raw/2026-07-18-x1-4-immutable-dxf-read-session.md","documentation","2607","df9e95198fcb67a31d1cda004d135e4a32b920737395d1f998886e73c88c6bce","untracked","legacy-local-untracked","unverified-no-repo-license","reference_only","false","No direct transfer approved by M1."
"legacy-cad-2026-07-23","cad-file/dxf/raw/2026-07-18-x1-5-path-native-dxf-app.md","documentation","2097","802d0f78e46b355147bf85c22c1087ed953a389df7e3137fe7200051a8ff0be5","untracked","legacy-local-untracked","unverified-no-repo-license","reference_only","false","No direct transfer approved by M1."
"legacy-cad-2026-07-23","cad-file/dxf/raw/2026-07-18-x1-6-evidence-session-snapshot.md","documentation","2089","815441096cd6b4b1b1c97e3103f151d20d46279d207d60e1e56e42a5f6a39078","untracked","legacy-local-untracked","unverified-no-repo-license","reference_only","false","No direct transfer approved by M1."
"legacy-cad-2026-07-23","cad-file/dxf/raw/2026-07-18-x1-7-portable-native-picker.md","documentation","1137","7e0d38ac6fac342c412cbb67e10824e4cec21f41fedebac8727adcc982c2d8a4","untracked","legacy-local-untracked","unverified-no-repo-license","reference_only","false","No direct transfer approved by M1."
"legacy-cad-2026-07-23","cad-file/dxf/raw/2026-07-18-x1-8-portable-output-opener.md","documentation","1076","a92898dc95e72e5c204d12c2048578648658ab7646ed046720019af0064c8b12","untracked","legacy-local-untracked","unverified-no-repo-license","reference_only","false","No direct transfer approved by M1."
"legacy-cad-2026-07-23","cad-file/dxf/raw/2026-07-18-x1-9-native-preview-directory.md","documentation","860","4bffe0d10f7e7dc1692552647eaacec094390a15a44cdcb8194584941b50929c","untracked","legacy-local-untracked","unverified-no-repo-license","reference_only","false","No direct transfer approved by M1."
"legacy-cad-2026-07-23","cad-file/dxf/raw/2026-07-18-x2-binary-gate-tool.md","documentation","4261","46171f4d25759cabddc69e5fe6c6aa69429047721505fe4413107f0bd05d0750","untracked","legacy-local-untracked","unverified-no-repo-license","reference_only","false","No direct transfer approved by M1."
"legacy-cad-2026-07-23","cad-file/dxf/raw/2026-07-18-x2-binary-spec-gap-audit.md","documentation","2758","ede52d8b522b83e6a34392294d0e668718286ac8592d887e228f038ee00de4bb","untracked","legacy-local-untracked","unverified-no-repo-license","reference_only","false","No direct transfer approved by M1."
"legacy-cad-2026-07-23","cad-file/dxf/raw/2026-07-19-x2-binary-corpus-1.md","documentation","2058","a48a73d8d451af094c6265eea1ebf98c2c720a3cef864c49387bb0a38547c4e1","untracked","legacy-local-untracked","unverified-no-repo-license","reference_only","false","No direct transfer approved by M1."
"legacy-cad-2026-07-23","cad-file/dxf/raw/2026-07-19-x2-binary-evidence-1.md","documentation","2115","5c3e7176ddc1fc28e5382c0e2ccfa196903eb60c1701d6c32e075a8b558e6799","untracked","legacy-local-untracked","unverified-no-repo-license","reference_only","false","No direct transfer approved by M1."
"legacy-cad-2026-07-23","cad-file/dxf/raw/2026-07-19-x2-binary-session-1.md","documentation","3055","bfe6db1e022c7436c8cda468ff984d5c79363dd888b66646edc0f2c281dd8f89","untracked","legacy-local-untracked","unverified-no-repo-license","reference_only","false","No direct transfer approved by M1."
"legacy-cad-2026-07-23","cad-file/dxf/raw/2026-07-19-x2-limits-1.md","documentation","2944","f9be6d8d75f738398722812eaac3c83963a9afc67183eaa4b7b490c9e6614cc5","untracked","legacy-local-untracked","unverified-no-repo-license","reference_only","false","No direct transfer approved by M1."
"legacy-cad-2026-07-23","cad-file/dxf/raw/2026-07-19-x2-limits-2.md","documentation","3032","6f9a3cafb44e945f164d997498994ff59f47320e678e69867ad010dcb0db8790","untracked","legacy-local-untracked","unverified-no-repo-license","reference_only","false","No direct transfer approved by M1."
"legacy-cad-2026-07-23","cad-file/dxf/raw/2026-07-19-x2-limits-3.md","documentation","4048","f817d9d36a278ec60893edb1e9b8d8a26aa61006ebfe2c98230dfcd448ce5deb","untracked","legacy-local-untracked","unverified-no-repo-license","reference_only","false","No direct transfer approved by M1."
"legacy-cad-2026-07-23","cad-file/dxf/raw/2026-07-19-x3-binary-semantic-1.md","documentation","2937","eaffc29fb90d46ca458cda2863dbcf3051dbe449f86c8ecdeb0b33915229b917","untracked","legacy-local-untracked","unverified-no-repo-license","reference_only","false","No direct transfer approved by M1."
"legacy-cad-2026-07-23","cad-file/dxf/raw/2026-07-19-x3-block-attrib-structural-1.md","documentation","2430","88b15f1d1e5ceae1e3a75c00a413cc9ac33561c85da20d7a13da6006e0649a0e","untracked","legacy-local-untracked","unverified-no-repo-license","reference_only","false","No direct transfer approved by M1."
"legacy-cad-2026-07-23","cad-file/dxf/raw/2026-07-19-x3-insert-attrib-topology-1.md","documentation","2798","34efd0da7ee5d1a471f8dd437627a02ab113cc7826ce9395ac5370c0b996d7a8","untracked","legacy-local-untracked","unverified-no-repo-license","reference_only","false","No direct transfer approved by M1."
"legacy-cad-2026-07-23","cad-file/dxf/raw/2026-07-19-x3-line-normal-1.md","documentation","2599","4fe6c7846850338e8af2fb27a0bb87b724b94304a34c8c04f707c1f5507b280f","untracked","legacy-local-untracked","unverified-no-repo-license","reference_only","false","No direct transfer approved by M1."
"legacy-cad-2026-07-23","cad-file/dxf/raw/2026-07-19-x3-mtext-layout-1-observations.md","documentation","1582","3cfdfd8989a9abe93ac4ff376eb6746936537725d05f5601d20842378a914e8c","untracked","legacy-local-untracked","unverified-no-repo-license","reference_only","false","No direct transfer approved by M1."
"legacy-cad-2026-07-23","cad-file/dxf/raw/2026-07-19-x3-mtext-layout-1.md","documentation","3139","36070096708780ce4be0c69eafec0e02ac3491e703e827360f99dad88193e965","untracked","legacy-local-untracked","unverified-no-repo-license","reference_only","false","No direct transfer approved by M1."
"legacy-cad-2026-07-23","cad-file/dxf/raw/2026-07-19-x3-mtext-validation-1.md","documentation","2542","bd535e05d991f790910e52ba3cd17c3f3ed6280b982570fcc03b8fdd7787e8b3","untracked","legacy-local-untracked","unverified-no-repo-license","reference_only","false","No direct transfer approved by M1."
"legacy-cad-2026-07-23","cad-file/dxf/raw/2026-07-19-x3-normalized-source-map-1.md","documentation","3117","50c6f6f4def721f37ecb5e24a04f0907230b2ed58fee66dc831cffb941a0ff61","untracked","legacy-local-untracked","unverified-no-repo-license","reference_only","false","No direct transfer approved by M1."
"legacy-cad-2026-07-23","cad-file/dxf/raw/2026-07-19-x3-source-id-api-1.md","documentation","2700","d5a2057f589e0f821e3dea8c216269c42da472bc2d972367a4b9a9bd42fc6f38","untracked","legacy-local-untracked","unverified-no-repo-license","reference_only","false","No direct transfer approved by M1."
"legacy-cad-2026-07-23","cad-file/dxf/raw/2026-07-19-x3-source-map-accounting-1.md","documentation","3695","e9f095cf98e75ec3c4a7e62e9488cc671b74ea0e69fff7c7f34b32c1fe4b65f6","untracked","legacy-local-untracked","unverified-no-repo-license","reference_only","false","No direct transfer approved by M1."
"legacy-cad-2026-07-23","cad-file/dxf/raw/2026-07-19-x3-source-map-reconciliation-1.md","documentation","2997","cf0e2a904e061464d67faab4145c652279c66d3c839a736f973d1915d66048c1","untracked","legacy-local-untracked","unverified-no-repo-license","reference_only","false","No direct transfer approved by M1."
"legacy-cad-2026-07-23","cad-file/dxf/raw/2026-07-19-x6-fuzz-1.md","documentation","3479","b6b3fc99d4f9f454d3477978a20cb417b2d3c7af55cccdcec454059d4296d9fa","untracked","legacy-local-untracked","unverified-no-repo-license","reference_only","false","No direct transfer approved by M1."
"legacy-cad-2026-07-23","cad-file/dxf/raw/2026-07-19-x6-fuzz-2.md","documentation","2756","26c6857fe004006fb5b0dde6312a5b6ae7c7927f5c2d5f7226bfc93aadcb5162","untracked","legacy-local-untracked","unverified-no-repo-license","reference_only","false","No direct transfer approved by M1."
"legacy-cad-2026-07-23","cad-file/dxf/raw/2026-07-20-dxf-dev-cli-2.md","documentation","2687","4a6ca2ac593c04c57e114d9c7d2ba1f1c45b507be4f89fb181609f9e195f926e","untracked","legacy-local-untracked","unverified-no-repo-license","reference_only","false","No direct transfer approved by M1."
"legacy-cad-2026-07-23","cad-file/dxf/raw/2026-07-20-dxf-dev-guard-1.md","documentation","2116","0fe909ef54646de5f1b130b598a2fb2c689f79280f493998bf7c54b2235f156e","untracked","legacy-local-untracked","unverified-no-repo-license","reference_only","false","No direct transfer approved by M1."
"legacy-cad-2026-07-23","cad-file/dxf/raw/2026-07-20-re-native-sem-1-binary-v4-and-skill-gate.md","documentation","2674","dc5b837df53636878f77d9a0fa496678623d28c9d9f84f31a80046bc40ac1b39","untracked","legacy-local-untracked","unverified-no-repo-license","reference_only","false","No direct transfer approved by M1."
"legacy-cad-2026-07-23","cad-file/dxf/raw/2026-07-20-re-native-sem-1-portable-bundle-and-binary-typed.md","documentation","2677","eae24e037e7f110267ae581b4fc0de620dca14ebcf99191f949bb811298d5406","untracked","legacy-local-untracked","unverified-no-repo-license","reference_only","false","No direct transfer approved by M1."
"legacy-cad-2026-07-23","cad-file/dxf/raw/2026-07-20-re-native-sem-1-re0-dxf-truth-gate.md","documentation","2061","aadcc6fb20988170b40a5f52f1e4de915c950b6315581c9600b6407548e618cd","untracked","legacy-local-untracked","unverified-no-repo-license","reference_only","false","No direct transfer approved by M1."
"legacy-cad-2026-07-23","cad-file/dxf/raw/2026-07-20-re-native-sem-1-report-only-gate.md","documentation","3686","08628ee275d229e43398ddc2377807a58f434110bad844d60bcead14415222d5","untracked","legacy-local-untracked","unverified-no-repo-license","reference_only","false","No direct transfer approved by M1."
"legacy-cad-2026-07-23","cad-file/dxf/raw/2026-07-21-dxf-core-native-q0-truth-lock.md","documentation","6775","5d6d8a21a98149ecbe9ac926120785bfa3f8f1aa4990bd1a8c7d789f89107e86","untracked","legacy-local-untracked","unverified-no-repo-license","reference_only","false","No direct transfer approved by M1."
"legacy-cad-2026-07-23","cad-file/dxf/raw/2026-07-21-q1-1-dialect-encoding-registry.md","documentation","2295","2ca7f5810bb8b030a261116986105217b987d632f3d77e541356fcd23ef03f50","untracked","legacy-local-untracked","unverified-no-repo-license","reference_only","false","No direct transfer approved by M1."
"legacy-cad-2026-07-23","cad-file/dxf/raw/2026-07-21-q1-2-typed-ascii-values.md","documentation","1647","fe193e57e81764096ee4a1f44d17ca794d601bb09c65cfa02d8e780bac018a7c","untracked","legacy-local-untracked","unverified-no-repo-license","reference_only","false","No direct transfer approved by M1."
"legacy-cad-2026-07-23","cad-file/dxf/raw/2026-07-21-q1-3-binary-dialect-closure.md","documentation","2178","d141be08b48aa853b0c67abe31b1740c32fc27761caa894fea1e7cf72b31f366","untracked","legacy-local-untracked","unverified-no-repo-license","reference_only","false","No direct transfer approved by M1."
"legacy-cad-2026-07-23","cad-file/dxf/raw/2026-07-21-q1-4-unified-record-views.md","documentation","1746","83cebba11561bdff37dd37573f53ad19624c7a5625d027ca6905362347df0faf","untracked","legacy-local-untracked","unverified-no-repo-license","reference_only","false","No direct transfer approved by M1."
"legacy-cad-2026-07-23","cad-file/dxf/raw/2026-07-21-q1-5-native-semantic-differential.md","documentation","1446","f889a1f6ab51f930919ed6cd90e67f965696376ab795cb40afdc76e5378047fa","untracked","legacy-local-untracked","unverified-no-repo-license","reference_only","false","No direct transfer approved by M1."
"legacy-cad-2026-07-23","cad-file/dxf/raw/2026-07-21-q1-queue-close.md","documentation","2094","92849d2d099556cb5b88c680e7383cdc5cfc9c63fdde192e9901de03fe92a0df","untracked","legacy-local-untracked","unverified-no-repo-license","reference_only","false","No direct transfer approved by M1."
"legacy-cad-2026-07-23","cad-file/dxf/raw/2026-07-21-q2-1-document-symbol-semantics.md","documentation","1487","c38014a0999b04a8e5c2cbe11bce24ce08d2c05f58c39786b0010e77c7ccd171","untracked","legacy-local-untracked","unverified-no-repo-license","reference_only","false","No direct transfer approved by M1."
"legacy-cad-2026-07-23","cad-file/dxf/raw/2026-07-21-q2-1b-document-structure-evidence.md","documentation","3055","b167d895dbaa67012784d682b6555ae0513746cf2d15ec863eeb0eb437087c04","untracked","legacy-local-untracked","unverified-no-repo-license","reference_only","false","No direct transfer approved by M1."
"legacy-cad-2026-07-23","cad-file/dxf/raw/2026-07-21-q2-1c-document-structure-gate.md","documentation","1402","e750921826750c6f488605526df8a1a49f9382001498dd426b0c73bbb4782d4b","untracked","legacy-local-untracked","unverified-no-repo-license","reference_only","false","No direct transfer approved by M1."
"legacy-cad-2026-07-23","cad-file/dxf/raw/2026-07-21-q2-2a-handle-topology.md","documentation","2249","b37f3a9c8bbd5a91d7faa0cf6b0bd2f92b994238d79ec99927f35638f5a52e55","untracked","legacy-local-untracked","unverified-no-repo-license","reference_only","false","No direct transfer approved by M1."
"legacy-cad-2026-07-23","cad-file/dxf/raw/2026-07-21-q2-2b-handle-topology-evidence.md","documentation","3059","6c13995a87ad5ec2a1b49cc490e340065157518cd40e200f3dd1a67b27a3557b","untracked","legacy-local-untracked","unverified-no-repo-license","reference_only","false","No direct transfer approved by M1."
"legacy-cad-2026-07-23","cad-file/dxf/raw/2026-07-21-q2-3a-object-semantics.md","documentation","2228","0e68eef028734d421c3ae992a41d101dce6631329b0be9b8225bab76418014f2","untracked","legacy-local-untracked","unverified-no-repo-license","reference_only","false","No direct transfer approved by M1."
"legacy-cad-2026-07-23","cad-file/dxf/raw/2026-07-22-dxf-toolchain-native-t0-truth-lock.md","documentation","3562","e135e333b6e36d8903edf53ae0e8cc103ddb49fd24fa1085d3d69d6b177c1cc7","untracked","legacy-local-untracked","unverified-no-repo-license","reference_only","false","No direct transfer approved by M1."
"legacy-cad-2026-07-23","cad-file/dxf/raw/2026-07-22-dxf-toolchain-native-t1-1-executable-binding.md","documentation","2133","88500d54112313171e7f87bec2b029f4737a2044cc19d67e885c51f902d9b3f2","untracked","legacy-local-untracked","unverified-no-repo-license","reference_only","false","No direct transfer approved by M1."
"legacy-cad-2026-07-23","cad-file/dxf/raw/2026-07-22-dxf-toolchain-native-t1-2-compare.md","documentation","2225","be26b1a0bb0b0910cf8bb7eda991423be2dd57a8020bf5fb5422b33a63efe0c3","untracked","legacy-local-untracked","unverified-no-repo-license","reference_only","false","No direct transfer approved by M1."
"legacy-cad-2026-07-23","cad-file/dxf/raw/2026-07-22-dxf-toolchain-native-t1-3-fuzz.md","documentation","2203","b92cb32d56b603e3a2b6dc8fb827f432404e610fc5a8c41b3eb1f2e8f3dfd305","untracked","legacy-local-untracked","unverified-no-repo-license","reference_only","false","No direct transfer approved by M1."
"legacy-cad-2026-07-23","cad-file/dxf/raw/2026-07-22-dxf-toolchain-tool-manifest.json","evidence","7115","8b2426205b04f8bfa2192e1128f14bad5bc85bfd1304f84fc3b00344b468de54","untracked","legacy-local-untracked","unverified-no-repo-license","reference_only","false","No direct transfer approved by M1."
"legacy-cad-2026-07-23","cad-file/dxf/raw/2026-07-22-q2-3b-object-semantics-evidence.md","documentation","2944","3924245bfb881e37e7c852fdc12ebf20c19758c97669a3ea2a4d2ffe237f53f3","untracked","legacy-local-untracked","unverified-no-repo-license","reference_only","false","No direct transfer approved by M1."
"legacy-cad-2026-07-23","cad-file/dxf/raw/2026-07-22-q2-4a-block-insert-semantics.md","documentation","1585","2433ead64379f42cb8b1722bc105857c9b8324d0fa9b1035aba048f1c29ce283","untracked","legacy-local-untracked","unverified-no-repo-license","reference_only","false","No direct transfer approved by M1."
"legacy-cad-2026-07-23","cad-file/dxf/raw/2026-07-22-q2-4b-block-insert-evidence.md","documentation","3396","2df1dbe5a36ea2a950d180daca2167d39ecf99b74c5e63794a19eee73ec40673","untracked","legacy-local-untracked","unverified-no-repo-license","reference_only","false","No direct transfer approved by M1."
"legacy-cad-2026-07-23","cad-file/dxf/raw/2026-07-22-q2-5a-standard-reference-semantics.md","documentation","2214","6cc9b21d889f40185a080a9400dce4531546e0cdbc034acb3fe3f16ab9050e2b","untracked","legacy-local-untracked","unverified-no-repo-license","reference_only","false","No direct transfer approved by M1."
"legacy-cad-2026-07-23","cad-file/dxf/raw/2026-07-22-q2-5b-standard-reference-evidence.md","documentation","3039","c78fe7ed2925f137882f2d7934e6d74368a95b1055175960aee456f97c4ae41c","untracked","legacy-local-untracked","unverified-no-repo-license","reference_only","false","No direct transfer approved by M1."
"legacy-cad-2026-07-23","cad-file/dxf/raw/2026-07-22-q2-6-topology-edit-policy.md","documentation","1720","5427b391477e0c864e919979707d3df4027e33c4a72555fcdf21f2289eaa25a0","untracked","legacy-local-untracked","unverified-no-repo-license","reference_only","false","No direct transfer approved by M1."
"legacy-cad-2026-07-23","cad-file/dxf/raw/2026-07-22-q2-queue-close.md","documentation","3629","21ca3e5427fff917138e301d13ceed0d4564147b3dbbae20c3061138ad1b477a","untracked","legacy-local-untracked","unverified-no-repo-license","reference_only","false","No direct transfer approved by M1."
"legacy-cad-2026-07-23","cad-file/dxf/raw/2026-07-22-q3-1a-linear-source-semantics.md","documentation","2944","144e071f589ddb3f05cb134e427f167724fd3c82d2696ba00feed7a13187207f","untracked","legacy-local-untracked","unverified-no-repo-license","reference_only","false","No direct transfer approved by M1."
"legacy-cad-2026-07-23","cad-file/dxf/raw/2026-07-22-q3-1b-linear-geometry-evidence.md","documentation","2929","d9d3abef49aca83f2bbe67b121ffb71f63e37f904ff70439fffed3439b8f5ff0","untracked","legacy-local-untracked","unverified-no-repo-license","reference_only","false","No direct transfer approved by M1."
"legacy-cad-2026-07-23","cad-file/dxf/raw/2026-07-22-q3-1c-native-linear-normalization.md","documentation","2163","74a911f062a5f8c483ac415fde23de2a8595290d8b5e4622f8d0fd0aac3c251b","untracked","legacy-local-untracked","unverified-no-repo-license","reference_only","false","No direct transfer approved by M1."
"legacy-cad-2026-07-23","cad-file/dxf/raw/2026-07-22-q3-1d-native-linear-corpus-evidence.md","documentation","3152","e9ab58e298a3f7a6f9845bc30e5b934219892e5c8993c194eb691c077da2dd8f","untracked","legacy-local-untracked","unverified-no-repo-license","reference_only","false","No direct transfer approved by M1."
"legacy-cad-2026-07-23","cad-file/dxf/raw/2026-07-22-q3-2a-curved-source-semantics.md","documentation","3020","f3ded6f9883874eaf45836771314affe8856bb29168c3e19cb8e3411c56230d7","untracked","legacy-local-untracked","unverified-no-repo-license","reference_only","false","No direct transfer approved by M1."
"legacy-cad-2026-07-23","cad-file/dxf/raw/2026-07-22-q3-2b-curved-geometry-evidence.md","documentation","3338","46fd16a854cc8bd56647f4a453d67e65f58ca510a859897ae625150e2d3be21d","untracked","legacy-local-untracked","unverified-no-repo-license","reference_only","false","No direct transfer approved by M1."
"legacy-cad-2026-07-23","cad-file/dxf/raw/2026-07-22-q3-2c-native-curved-normalization.md","documentation","3012","15e610c278523c9f665396f6f3cb25bcafdb3064daafc062f959739b5f5a59b3","untracked","legacy-local-untracked","unverified-no-repo-license","reference_only","false","No direct transfer approved by M1."
"legacy-cad-2026-07-23","cad-file/dxf/raw/2026-07-22-q3-2d-native-curved-corpus-evidence.md","documentation","4183","74833465b098fc07b852dd588263e4012b1930db6cc9b78dc2268a22672054ff","untracked","legacy-local-untracked","unverified-no-repo-license","reference_only","false","No direct transfer approved by M1."
"legacy-cad-2026-07-23","cad-file/dxf/raw/2026-07-22-q3-3a-lwpolyline-source-semantics.md","documentation","3139","f427de8279577ed6f8d53a835b9a01c10f64107a226e62209d55bc22225f909c","untracked","legacy-local-untracked","unverified-no-repo-license","reference_only","false","No direct transfer approved by M1."
"legacy-cad-2026-07-23","cad-file/dxf/raw/2026-07-22-q3-3b-lwpolyline-source-evidence.md","documentation","3005","2809679c449fcb9fef6fd4cc77ce6ebfe9658f950d8c4c35e0c14cb3efc670d2","untracked","legacy-local-untracked","unverified-no-repo-license","reference_only","false","No direct transfer approved by M1."
"legacy-cad-2026-07-23","cad-file/dxf/raw/2026-07-22-q3-3c-native-lwpolyline-normalization-provisional.md","documentation","4049","ef9a1db578f91f6ddb792f5d0bac18e59f6d50a25f1fa8e157493214f0fd5a61","untracked","legacy-local-untracked","unverified-no-repo-license","reference_only","false","No direct transfer approved by M1."
"legacy-cad-2026-07-23","cad-file/dxf/raw/2026-07-22-q3-3d-native-lwpolyline-corpus-evidence.md","documentation","5392","b96023f8cfa5bb9d0421002f8da915bada4ea609a2118e86b7c160b54ca8dbdc","untracked","legacy-local-untracked","unverified-no-repo-license","reference_only","false","No direct transfer approved by M1."
"legacy-cad-2026-07-23","cad-file/dxf/raw/2026-07-22-q3-4a-polyline-source-semantics.md","documentation","4045","321c5a7b97811b032de4b02ff2321d407d135f218a183b4f0556518982df93c0","untracked","legacy-local-untracked","unverified-no-repo-license","reference_only","false","No direct transfer approved by M1."
"legacy-cad-2026-07-23","cad-file/dxf/raw/2026-07-22-q3-4b-polyline-corpus-accounting.md","documentation","5203","2d174b562a8f20a2b899e1f996316778a409c5393df361bfdb1b0ffcca3c01cb","untracked","legacy-local-untracked","unverified-no-repo-license","reference_only","false","No direct transfer approved by M1."
"legacy-cad-2026-07-23","cad-file/dxf/raw/2026-07-22-q3-4c-native-polyline-sidecars.md","documentation","4635","67f3a95dcea6cdefd3291336ffb88b95868681800df2cee0aa22865779e39393","untracked","legacy-local-untracked","unverified-no-repo-license","reference_only","false","No direct transfer approved by M1."
"legacy-cad-2026-07-23","cad-file/dxf/raw/2026-07-22-q3-4d1-polyline-differential.md","documentation","3335","da82c8fba1ba1b43706bb6d8130e40589964a2b933b975d6892be5c17374d646","untracked","legacy-local-untracked","unverified-no-repo-license","reference_only","false","No direct transfer approved by M1."
"legacy-cad-2026-07-23","cad-file/dxf/raw/2026-07-22-q3-4d2-polyline-normalization-evidence.md","documentation","5828","abff75f62861bcf2cea0844a5ab1d6688d99cd3a96dadb03e35d8b1b4b5905e5","untracked","legacy-local-untracked","unverified-no-repo-license","reference_only","false","No direct transfer approved by M1."
"legacy-cad-2026-07-23","cad-file/dxf/raw/2026-07-22-q3-5a-spline-helix-source-semantics.md","documentation","4453","5c39f500eed12cd62d8b9b90244b1d544a6382dc0d3f9d20e92f01a2a26c288e","untracked","legacy-local-untracked","unverified-no-repo-license","reference_only","false","No direct transfer approved by M1."
"legacy-cad-2026-07-23","cad-file/dxf/raw/2026-07-22-q3-5b-native-spline-helix-sidecars.md","documentation","3884","450b4bb209e896a0bf3bcd76ecb7b399159f310ac8664fb3ee194ed151887253","untracked","legacy-local-untracked","unverified-no-repo-license","reference_only","false","No direct transfer approved by M1."
"legacy-cad-2026-07-23","cad-file/dxf/raw/2026-07-22-q3-5c-spline-helix-normalization-evidence.md","documentation","6419","f7d401d55ceedccee6a88faa7b95558dff02c92bdf8292f2f2c39dbfe29f657d","untracked","legacy-local-untracked","unverified-no-repo-license","reference_only","false","No direct transfer approved by M1."
"legacy-cad-2026-07-23","cad-file/dxf/raw/2026-07-22-q3-6a-planar-face-source-semantics.md","documentation","4633","fbfba4b4c8010c1c69950b210c51f2505e26b229e68b85d7134a583fc6fb9e8d","untracked","legacy-local-untracked","unverified-no-repo-license","reference_only","false","No direct transfer approved by M1."
"legacy-cad-2026-07-23","cad-file/dxf/raw/2026-07-22-q3-6b-mesh-source-semantics.md","documentation","4323","2631bd5c287228d75a519045ad692cff6b31b6a107e32fe3d048f77dab4996e3","untracked","legacy-local-untracked","unverified-no-repo-license","reference_only","false","No direct transfer approved by M1."
"legacy-cad-2026-07-23","cad-file/dxf/raw/2026-07-22-q3-6c1a-native-face-sidecar.md","documentation","2960","0c0cb1c6cb0ffb2b658cf5a9e5017e29bf22fe9a20579dbb66ebb9983735d646","untracked","legacy-local-untracked","unverified-no-repo-license","reference_only","false","No direct transfer approved by M1."
"legacy-cad-2026-07-23","cad-file/dxf/raw/2026-07-22-q3-6c1b-native-mesh-sidecar.md","documentation","2875","469fb98e3f8440131c6955b0be046815bc63745ea0becef2518fa105d8827cec","untracked","legacy-local-untracked","unverified-no-repo-license","reference_only","false","No direct transfer approved by M1."
"legacy-cad-2026-07-23","cad-file/dxf/raw/2026-07-22-q3-6c2-native-surface-evidence.md","documentation","4083","6da88ff77ca60ac3eddae4c819cdc52b459ded48082f0e89771162f43fc4abf5","untracked","legacy-local-untracked","unverified-no-repo-license","reference_only","false","No direct transfer approved by M1."
"legacy-cad-2026-07-23","cad-file/dxf/raw/2026-07-22-q4-1a-block-insert-placement-semantics.md","documentation","2939","5724375d39f32e5b012747faa79662e00a64a2b8de228aa866dc18d227919496","untracked","legacy-local-untracked","unverified-no-repo-license","reference_only","false","No direct transfer approved by M1."
"legacy-cad-2026-07-23","cad-file/dxf/raw/2026-07-22-q4-1b-block-placement-evidence.md","documentation","4950","8ae9ed4d1a8546046350fb05fb631805ab0b0ec41eb0010419efee57c12d1976","untracked","legacy-local-untracked","unverified-no-repo-license","reference_only","false","No direct transfer approved by M1."
"legacy-cad-2026-07-23","cad-file/dxf/raw/2026-07-22-q4-1c-native-insert-expansion.md","documentation","4679","0b21a6389a3502a06d01e380d27129fe0c04597df68361636774f7d8de8056df","untracked","legacy-local-untracked","unverified-no-repo-license","reference_only","false","No direct transfer approved by M1."
"legacy-cad-2026-07-23","cad-file/dxf/raw/2026-07-22-q4-1d-native-insert-corpus-evidence.md","documentation","6563","578d6e8c8154c7ac1d190e563bce120b8492d258043afbb17c441712fdb3ff18","untracked","legacy-local-untracked","unverified-no-repo-license","reference_only","false","No direct transfer approved by M1."
"legacy-cad-2026-07-23","cad-file/dxf/raw/2026-07-22-q4-2a-text-source-semantics.md","documentation","5184","0e07653de961337e5ece59cbd9c63d06e97f726d21349713a2899888ec92aa74","untracked","legacy-local-untracked","unverified-no-repo-license","reference_only","false","No direct transfer approved by M1."
"legacy-cad-2026-07-23","cad-file/dxf/raw/2026-07-22-q4-2b-native-text-sidecar.md","documentation","5961","82fdb4c6a7a075b03757403be8a17c5ca322d3b04604019b2592f6e4bbd44dac","untracked","legacy-local-untracked","unverified-no-repo-license","reference_only","false","No direct transfer approved by M1."
"legacy-cad-2026-07-23","cad-file/dxf/raw/2026-07-22-q4-2c-native-text-corpus-evidence.md","documentation","7336","826a63b0e6dba8bc31277099d30cb3dfac85f5e0077ab7e12557bec5c5bf7030","untracked","legacy-local-untracked","unverified-no-repo-license","reference_only","false","No direct transfer approved by M1."
"legacy-cad-2026-07-23","cad-file/dxf/raw/2026-07-23-dxf-toolchain-native-t1-4-container.md","documentation","1414","7b732cb35b6250975b9794b9483c185107c234adaf9072299d62623e59234a24","untracked","legacy-local-untracked","unverified-no-repo-license","reference_only","false","No direct transfer approved by M1."
"legacy-cad-2026-07-23","cad-file/dxf/raw/NEXT_WORK.md","documentation","3217","231d1924b2c7c87e2fd55bfaf0bd02812dbc8673df130bc1f90dd3a9c6b5301d","untracked","legacy-local-untracked","unverified-no-repo-license","reference_only","false","No direct transfer approved by M1."
"legacy-cad-2026-07-23","cad-file/dxf/raw/README.md","documentation","1747","7f7fd5e486410d52045781ff7579af3b07c9421df79f4b0bf168bd9dffb7e724","untracked","legacy-local-untracked","unverified-no-repo-license","reference_only","false","No direct transfer approved by M1."
"legacy-cad-2026-07-23","cad-file/dxf/raw/SUPPORT_SNAPSHOT.md","documentation","3977","18dc8a4197f87681d8d7c2f3bce6be3e1e6d3b659c22aa72e3e69b93cc8e6c10","untracked","legacy-local-untracked","unverified-no-repo-license","reference_only","false","No direct transfer approved by M1."
"legacy-cad-2026-07-23","cad-file/dxf/tools/README.md","documentation","38564","bcc0ad04276ea4adfcefd2e98383e26e00cde0e2a38a1b19a586bf1bd0eff361","untracked","legacy-local-untracked","unverified-no-repo-license","reference_only","false","No direct transfer approved by M1."
"legacy-cad-2026-07-23","crates/cad-dxf-lossless/Cargo.toml","metadata","127","60909bb59cc35d7ba51e777104917783f94631b3d0ee065da91b7dd3affd1b53","untracked","legacy-local-untracked","unverified-no-repo-license","reference_only","false","No direct transfer approved by M1."
"legacy-cad-2026-07-23","crates/cad-dxf-lossless/src/ascii.rs","production_code","7916","e4670e6c5fa8ee0b3f99fb8ed8ae068ed318d98f2fee6fea7757804ebd26c083","untracked","legacy-local-untracked","unverified-no-repo-license","rewrite_clean_room","false","Use behavior and public specifications only; no line-by-line translation."
"legacy-cad-2026-07-23","crates/cad-dxf-lossless/src/ascii_value.rs","production_code","8255","1c8f3b32ffd87adc2fac6eed21eb0e5e4618fc1b49fd3e88eae31c900563fab2","untracked","legacy-local-untracked","unverified-no-repo-license","rewrite_clean_room","false","Use behavior and public specifications only; no line-by-line translation."
"legacy-cad-2026-07-23","crates/cad-dxf-lossless/src/binary_chunk.rs","production_code","5045","018bc81977dfaf5a523c69c17086b1d6b6b67631f9fe632c942c11b69c31b5e7","untracked","legacy-local-untracked","unverified-no-repo-license","rewrite_clean_room","false","Use behavior and public specifications only; no line-by-line translation."
"legacy-cad-2026-07-23","crates/cad-dxf-lossless/src/binary_stream.rs","production_code","7815","2264368a0e288e60dfccf5aea5e74f37c96529b0d2ecbd1e3c42987552a22534","untracked","legacy-local-untracked","unverified-no-repo-license","rewrite_clean_room","false","Use behavior and public specifications only; no line-by-line translation."
"legacy-cad-2026-07-23","crates/cad-dxf-lossless/src/binary_validation.rs","production_code","4040","ac176264129a11331e11818ed5b6f86bcdcda16bf99499ec044e61a011dad96f","untracked","legacy-local-untracked","unverified-no-repo-license","rewrite_clean_room","false","Use behavior and public specifications only; no line-by-line translation."
"legacy-cad-2026-07-23","crates/cad-dxf-lossless/src/binary_values.rs","production_code","6656","e2796a022f538106da413cf58fff115e01aef32f3be7d4ef6c274a40c6923001","untracked","legacy-local-untracked","unverified-no-repo-license","rewrite_clean_room","false","Use behavior and public specifications only; no line-by-line translation."
"legacy-cad-2026-07-23","crates/cad-dxf-lossless/src/control_group.rs","production_code","3921","b9ff8b00eb9cc7d8eede0d623f02ca6a35c7a073b966f00f6757691bcc5ad9b4","untracked","legacy-local-untracked","unverified-no-repo-license","rewrite_clean_room","false","Use behavior and public specifications only; no line-by-line translation."
"legacy-cad-2026-07-23","crates/cad-dxf-lossless/src/dialect.rs","production_code","5101","4b2ea689f92c88996b224d8775bd2854db1010fdb7ff23ecc71057a83d42f515","untracked","legacy-local-untracked","unverified-no-repo-license","rewrite_clean_room","false","Use behavior and public specifications only; no line-by-line translation."
"legacy-cad-2026-07-23","crates/cad-dxf-lossless/src/document.rs","production_code","10293","ac3ce02bcd4f24675b2c71ffea049439773dae6484c7181e2cfce418398fc7a9","untracked","legacy-local-untracked","unverified-no-repo-license","rewrite_clean_room","false","Use behavior and public specifications only; no line-by-line translation."
"legacy-cad-2026-07-23","crates/cad-dxf-lossless/src/edit.rs","production_code","4035","02c94ade25ed97ec62bb3f25899ff1f363232d9fffe676555c582d6a32fff2f7","untracked","legacy-local-untracked","unverified-no-repo-license","rewrite_clean_room","false","Use behavior and public specifications only; no line-by-line translation."
"legacy-cad-2026-07-23","crates/cad-dxf-lossless/src/error.rs","production_code","9298","95be4286ac32fbf4e4faba97f47abb6096b08aa24f468d5fbfe5aeabd925be4d","untracked","legacy-local-untracked","unverified-no-repo-license","rewrite_clean_room","false","Use behavior and public specifications only; no line-by-line translation."
"legacy-cad-2026-07-23","crates/cad-dxf-lossless/src/extension_dictionary.rs","production_code","464","ab0603610b537eda8ad385358e30661c561406b7b12f673f886eda3fd9e31921","untracked","legacy-local-untracked","unverified-no-repo-license","rewrite_clean_room","false","Use behavior and public specifications only; no line-by-line translation."
"legacy-cad-2026-07-23","crates/cad-dxf-lossless/src/group_value.rs","production_code","7594","f945ceff776eafe454c16325a76ff6d7ebcdfcd33de93dd6d14be62af04a82c1","untracked","legacy-local-untracked","unverified-no-repo-license","rewrite_clean_room","false","Use behavior and public specifications only; no line-by-line translation."
"legacy-cad-2026-07-23","crates/cad-dxf-lossless/src/handle_reference.rs","production_code","1110","08552899533e3f423551f465b9b65c029a9cc3542141e199f709410e0b8eca4d","untracked","legacy-local-untracked","unverified-no-repo-license","rewrite_clean_room","false","Use behavior and public specifications only; no line-by-line translation."
"legacy-cad-2026-07-23","crates/cad-dxf-lossless/src/hatch.rs","production_code","8802","48d1d6d34ec54ffabbf8caa7f2c286acb4d8b8f5381815577d2074a54eb99b72","untracked","legacy-local-untracked","unverified-no-repo-license","rewrite_clean_room","false","Use behavior and public specifications only; no line-by-line translation."
"legacy-cad-2026-07-23","crates/cad-dxf-lossless/src/image.rs","production_code","10709","b99c91fa22ce46342a68486cf8af7a8c0bf1774ce7ee6fd1492b756e8ccd7284","untracked","legacy-local-untracked","unverified-no-repo-license","rewrite_clean_room","false","Use behavior and public specifications only; no line-by-line translation."
"legacy-cad-2026-07-23","crates/cad-dxf-lossless/src/index.rs","production_code","15858","5491b74da8e542e29ec7d7a8f9a2f3339989f6851c98d768d663a537b8a90a47","untracked","legacy-local-untracked","unverified-no-repo-license","rewrite_clean_room","false","Use behavior and public specifications only; no line-by-line translation."
"legacy-cad-2026-07-23","crates/cad-dxf-lossless/src/lib.rs","production_code","10601","774720073acd100b228676e2d797ad38691fba060f5eb90413db4061ba42bf48","untracked","legacy-local-untracked","unverified-no-repo-license","rewrite_clean_room","false","Use behavior and public specifications only; no line-by-line translation."
"legacy-cad-2026-07-23","crates/cad-dxf-lossless/src/pointer_context.rs","production_code","4544","ccbeabd0dd39cb8cc83c3e51b56105c17126da744d26bc0240e5f4fd9b1052fd","untracked","legacy-local-untracked","unverified-no-repo-license","rewrite_clean_room","false","Use behavior and public specifications only; no line-by-line translation."
"legacy-cad-2026-07-23","crates/cad-dxf-lossless/src/proxy.rs","production_code","6089","2481c005d350fd82841f96676f9fe49c6407a29108fbe42fbb51142288f43724","untracked","legacy-local-untracked","unverified-no-repo-license","rewrite_clean_room","false","Use behavior and public specifications only; no line-by-line translation."
"legacy-cad-2026-07-23","crates/cad-dxf-lossless/src/reactor.rs","production_code","398","230cbb4f1083e786ffd48fb332beef338916fcaf2e2e188699079d27593c3437","untracked","legacy-local-untracked","unverified-no-repo-license","rewrite_clean_room","false","Use behavior and public specifications only; no line-by-line translation."
"legacy-cad-2026-07-23","crates/cad-dxf-lossless/src/read_options.rs","production_code","1233","8424d5afc7ec129c449fe140c08f5b3db1c48d5e00a32659e7e6a419b16e6dc2","untracked","legacy-local-untracked","unverified-no-repo-license","rewrite_clean_room","false","Use behavior and public specifications only; no line-by-line translation."
"legacy-cad-2026-07-23","crates/cad-dxf-lossless/src/record_span.rs","production_code","2906","98662706f90bc366861ed07a1de7dd452b18a86cbff69cbea3107c01d4751747","untracked","legacy-local-untracked","unverified-no-repo-license","rewrite_clean_room","false","Use behavior and public specifications only; no line-by-line translation."
"legacy-cad-2026-07-23","crates/cad-dxf-lossless/src/semantic_block_ownership.rs","production_code","2190","209c8f13887a2897b86f4a5f83181775c70cb21a0529f2a0863d5c75fa4d5c26","untracked","legacy-local-untracked","unverified-no-repo-license","rewrite_clean_room","false","Use behavior and public specifications only; no line-by-line translation."
"legacy-cad-2026-07-23","crates/cad-dxf-lossless/src/semantic_block_placement.rs","production_code","12247","adba13b2e7a380bf1f50ca93c3230d8dc473374e61c580390215a09ea39f329c","untracked","legacy-local-untracked","unverified-no-repo-license","rewrite_clean_room","false","Use behavior and public specifications only; no line-by-line translation."
"legacy-cad-2026-07-23","crates/cad-dxf-lossless/src/semantic_block_placement_api.rs","production_code","513","6302e75a8b6cbc1ae3e8d11e359348aa42a9413644a255830f7b9f6586f70699","untracked","legacy-local-untracked","unverified-no-repo-license","rewrite_clean_room","false","Use behavior and public specifications only; no line-by-line translation."
"legacy-cad-2026-07-23","crates/cad-dxf-lossless/src/semantic_block_placement_validation.rs","production_code","4153","39fe24b6572ecacaca68f9b110c99a8841444ab2c2d00495f5244f7d4f13033a","untracked","legacy-local-untracked","unverified-no-repo-license","rewrite_clean_room","false","Use behavior and public specifications only; no line-by-line translation."
"legacy-cad-2026-07-23","crates/cad-dxf-lossless/src/semantic_blocks.rs","production_code","13535","63754dd1466ac5d2b234013f82068bafe40b8e0f706dbf4c22c1396bc39caca4","untracked","legacy-local-untracked","unverified-no-repo-license","rewrite_clean_room","false","Use behavior and public specifications only; no line-by-line translation."
"legacy-cad-2026-07-23","crates/cad-dxf-lossless/src/semantic_curved_geometry.rs","production_code","8322","a60f76e3dde21a1ad6e5a5697bb9d670ac062a259147271f2085f6e119cd3819","untracked","legacy-local-untracked","unverified-no-repo-license","rewrite_clean_room","false","Use behavior and public specifications only; no line-by-line translation."
"legacy-cad-2026-07-23","crates/cad-dxf-lossless/src/semantic_curved_validation.rs","production_code","4977","34880f517ca99bb24fdeeec2bb593a7a65a58fe72980e97345b4240ff058dcae","untracked","legacy-local-untracked","unverified-no-repo-license","rewrite_clean_room","false","Use behavior and public specifications only; no line-by-line translation."
"legacy-cad-2026-07-23","crates/cad-dxf-lossless/src/semantic_document.rs","production_code","13399","c3664556d4992f6b0709d2822d518b3573a46a22f778c3bb924368aee5e92429","untracked","legacy-local-untracked","unverified-no-repo-license","rewrite_clean_room","false","Use behavior and public specifications only; no line-by-line translation."
"legacy-cad-2026-07-23","crates/cad-dxf-lossless/src/semantic_edit_policy.rs","production_code","11206","08d7a18086acdd19c07b4836aacc065716238f57dbcfb580cc25bfabd52e7283","untracked","legacy-local-untracked","unverified-no-repo-license","rewrite_clean_room","false","Use behavior and public specifications only; no line-by-line translation."
"legacy-cad-2026-07-23","crates/cad-dxf-lossless/src/semantic_face.rs","production_code","10787","7616a4086206dd8b039df9c3c9e535d6d724d78e5aadd6e9ba8d3285c7a3cff5","untracked","legacy-local-untracked","unverified-no-repo-license","rewrite_clean_room","false","Use behavior and public specifications only; no line-by-line translation."
"legacy-cad-2026-07-23","crates/cad-dxf-lossless/src/semantic_header_topology.rs","production_code","2096","bee48f5d635b1f462cbcb3f5c37756990644912a20d2e054bc91cfe2c34013b9","untracked","legacy-local-untracked","unverified-no-repo-license","rewrite_clean_room","false","Use behavior and public specifications only; no line-by-line translation."
"legacy-cad-2026-07-23","crates/cad-dxf-lossless/src/semantic_helix_validation.rs","production_code","4677","ab894332b09034c0197ac1bf381e36c86722f8a1ff3d8d27c68eb0d6de674cd0","untracked","legacy-local-untracked","unverified-no-repo-license","rewrite_clean_room","false","Use behavior and public specifications only; no line-by-line translation."
"legacy-cad-2026-07-23","crates/cad-dxf-lossless/src/semantic_linear_geometry.rs","production_code","10649","5c9c86b9aa5fe7ac29eadbb3afb7d29093148a467485251f645b88c15aee030e","untracked","legacy-local-untracked","unverified-no-repo-license","rewrite_clean_room","false","Use behavior and public specifications only; no line-by-line translation."
"legacy-cad-2026-07-23","crates/cad-dxf-lossless/src/semantic_lwpolyline.rs","production_code","9974","d6cb8baadd6cec8ccb2b4cda17a16b85092a04ede6cac6261eade933f350b7f5","untracked","legacy-local-untracked","unverified-no-repo-license","rewrite_clean_room","false","Use behavior and public specifications only; no line-by-line translation."
"legacy-cad-2026-07-23","crates/cad-dxf-lossless/src/semantic_lwpolyline_decode.rs","production_code","3228","b2df657737b19d31d933f63ccdaa7df2e650fefd8d2280aff2dae559335fa55b","untracked","legacy-local-untracked","unverified-no-repo-license","rewrite_clean_room","false","Use behavior and public specifications only; no line-by-line translation."
"legacy-cad-2026-07-23","crates/cad-dxf-lossless/src/semantic_lwpolyline_validation.rs","production_code","3415","c9e06eb1633db7a240a3048fc41aa34c44bef4dbd1ba06532f443bcafee3c58d","untracked","legacy-local-untracked","unverified-no-repo-license","rewrite_clean_room","false","Use behavior and public specifications only; no line-by-line translation."
"legacy-cad-2026-07-23","crates/cad-dxf-lossless/src/semantic_mesh.rs","production_code","3840","de0e868668f4fd10db9d68501ac3d788fc23c198fc8344c875962d72182dbff5","untracked","legacy-local-untracked","unverified-no-repo-license","rewrite_clean_room","false","Use behavior and public specifications only; no line-by-line translation."
"legacy-cad-2026-07-23","crates/cad-dxf-lossless/src/semantic_mesh_decode.rs","production_code","10898","7f0d4c945fa817ab24916cedb53b85661a2a613e4b5d2d267387e969e67e933d","untracked","legacy-local-untracked","unverified-no-repo-license","rewrite_clean_room","false","Use behavior and public specifications only; no line-by-line translation."
"legacy-cad-2026-07-23","crates/cad-dxf-lossless/src/semantic_mesh_validation.rs","production_code","8454","5caf064a37217f53f351ad3a671f45a518cb40866c429ad68d540e6ed9a9b03f","untracked","legacy-local-untracked","unverified-no-repo-license","rewrite_clean_room","false","Use behavior and public specifications only; no line-by-line translation."
"legacy-cad-2026-07-23","crates/cad-dxf-lossless/src/semantic_objects.rs","production_code","11225","2d2e8563edd67f9baf185b8c11ff3e8c8a820c293ac1f5db2e47755c112b3fd3","untracked","legacy-local-untracked","unverified-no-repo-license","rewrite_clean_room","false","Use behavior and public specifications only; no line-by-line translation."
"legacy-cad-2026-07-23","crates/cad-dxf-lossless/src/semantic_polyline.rs","production_code","12094","3e86ab5fec968ca076e09d93be2baf9b3417c6713d5dd31ade553c8de1d4eccc","untracked","legacy-local-untracked","unverified-no-repo-license","rewrite_clean_room","false","Use behavior and public specifications only; no line-by-line translation."
"legacy-cad-2026-07-23","crates/cad-dxf-lossless/src/semantic_polyline_decode.rs","production_code","3257","bed674c6f8ae3878755db4520925ea8c89a79f91a12b94d3061c25d7860a18fe","untracked","legacy-local-untracked","unverified-no-repo-license","rewrite_clean_room","false","Use behavior and public specifications only; no line-by-line translation."
"legacy-cad-2026-07-23","crates/cad-dxf-lossless/src/semantic_polyline_validation.rs","production_code","9158","16f453b4ab3241e2141f65e5bbc1884f8823d42c6305e17c75adbe4e9ed909c7","untracked","legacy-local-untracked","unverified-no-repo-license","rewrite_clean_room","false","Use behavior and public specifications only; no line-by-line translation."
"legacy-cad-2026-07-23","crates/cad-dxf-lossless/src/semantic_spline.rs","production_code","6397","2ffabd938f01594f70a9edd87b84bfa5c2b92472c8d83f7eb2e0ec9e2b1587f2","untracked","legacy-local-untracked","unverified-no-repo-license","rewrite_clean_room","false","Use behavior and public specifications only; no line-by-line translation."
"legacy-cad-2026-07-23","crates/cad-dxf-lossless/src/semantic_spline_decode.rs","production_code","10162","a8dd9117f21d44497eb9b620c6aa1ca539f7c3658de7bb3b94e599c63635c4fc","untracked","legacy-local-untracked","unverified-no-repo-license","rewrite_clean_room","false","Use behavior and public specifications only; no line-by-line translation."
"legacy-cad-2026-07-23","crates/cad-dxf-lossless/src/semantic_spline_validation.rs","production_code","7782","f1d1e07660ed61dae2ed0170817a4947bd55b589397e59964ccb932183258104","untracked","legacy-local-untracked","unverified-no-repo-license","rewrite_clean_room","false","Use behavior and public specifications only; no line-by-line translation."
"legacy-cad-2026-07-23","crates/cad-dxf-lossless/src/semantic_spline_value.rs","production_code","3059","be6a0637024516730bd94e2df612adf6ed105a266a71196b7ebb484ed78123c7","untracked","legacy-local-untracked","unverified-no-repo-license","rewrite_clean_room","false","Use behavior and public specifications only; no line-by-line translation."
"legacy-cad-2026-07-23","crates/cad-dxf-lossless/src/semantic_standard_references.rs","production_code","11646","955440e07b076fd54635a2834ee5279fba6d77d06428d273dc332a775c67297f","untracked","legacy-local-untracked","unverified-no-repo-license","rewrite_clean_room","false","Use behavior and public specifications only; no line-by-line translation."
"legacy-cad-2026-07-23","crates/cad-dxf-lossless/src/semantic_structure.rs","production_code","12658","fd822080b96e1dd66aa959156f4c0725ae3117377be07bb798fecd4c4353d72f","untracked","legacy-local-untracked","unverified-no-repo-license","rewrite_clean_room","false","Use behavior and public specifications only; no line-by-line translation."
"legacy-cad-2026-07-23","crates/cad-dxf-lossless/src/semantic_text.rs","production_code","10794","35d392c6b360aadad80fcf3c0f44033e299c6d17178f1f0468de0a3a569b517b","untracked","legacy-local-untracked","unverified-no-repo-license","rewrite_clean_room","false","Use behavior and public specifications only; no line-by-line translation."
"legacy-cad-2026-07-23","crates/cad-dxf-lossless/src/semantic_text_decode.rs","production_code","16365","fce61acba45713973e93d9b6ea81c3c355ad33aa282483a26051e7f2608704f9","untracked","legacy-local-untracked","unverified-no-repo-license","rewrite_clean_room","false","Use behavior and public specifications only; no line-by-line translation."
"legacy-cad-2026-07-23","crates/cad-dxf-lossless/src/semantic_text_validation.rs","production_code","11532","9b177d5c5fe92f671d91b6400e80e721d59c6195a8de372612299aae07225f2a","untracked","legacy-local-untracked","unverified-no-repo-license","rewrite_clean_room","false","Use behavior and public specifications only; no line-by-line translation."
"legacy-cad-2026-07-23","crates/cad-dxf-lossless/src/semantic_topology.rs","production_code","13185","f5a1bc652e36cb2bfd47d4c376ecc93edeacfa584abf191a98fe9a9a61f35f5a","untracked","legacy-local-untracked","unverified-no-repo-license","rewrite_clean_room","false","Use behavior and public specifications only; no line-by-line translation."
"legacy-cad-2026-07-23","crates/cad-dxf-lossless/src/semantic_value.rs","production_code","5901","ea9d51df51c890554e5c58e5964387ee575e9380fc7db72fbf97b2ad2e676805","untracked","legacy-local-untracked","unverified-no-repo-license","rewrite_clean_room","false","Use behavior and public specifications only; no line-by-line translation."
"legacy-cad-2026-07-23","crates/cad-dxf-lossless/src/source_id.rs","production_code","1859","01cd99307ae8314096d53715321ee481032aeb2b202ca802a700b01d01027c75","untracked","legacy-local-untracked","unverified-no-repo-license","rewrite_clean_room","false","Use behavior and public specifications only; no line-by-line translation."
"legacy-cad-2026-07-23","crates/cad-dxf-lossless/src/xdata.rs","production_code","3024","8bfc1933e3568a6e3cc9eb35627f5a30a31efa0a63e6b352fd82102bfc6da365","untracked","legacy-local-untracked","unverified-no-repo-license","rewrite_clean_room","false","Use behavior and public specifications only; no line-by-line translation."
"legacy-cad-2026-07-23","crates/cad-dxf-lossless/tests/binary_dialect_matrix_tests.rs","test","6239","8b8408619e98a2634f6cd726b981a133aa369ab7598ca8a600e9b49de71377c6","untracked","legacy-local-untracked","unverified-no-repo-license","reexpress_behavior","false","Re-express the requirement in a new SeaCad-authored test."
"legacy-cad-2026-07-23","crates/cad-dxf-lossless/tests/binary_stream_tests.rs","test","8744","307a596707f46877222bc4756656f7836f0bbb2d21d1db9b30feeb8f5ebd1bd4","untracked","legacy-local-untracked","unverified-no-repo-license","reexpress_behavior","false","Re-express the requirement in a new SeaCad-authored test."
"legacy-cad-2026-07-23","crates/cad-dxf-lossless/tests/dialect_registry_tests.rs","test","3375","2364cfe83f30033bcdc420a19fad4b056ff301b08933d5cd0ac74b9ae3b0c5ea","untracked","legacy-local-untracked","unverified-no-repo-license","reexpress_behavior","false","Re-express the requirement in a new SeaCad-authored test."
"legacy-cad-2026-07-23","crates/cad-dxf-lossless/tests/document_symbol_semantics_tests.rs","test","5498","2c14228df4530211845942d4056c756618a4369f96560a6a611db2f0363aa16a","untracked","legacy-local-untracked","unverified-no-repo-license","reexpress_behavior","false","Re-express the requirement in a new SeaCad-authored test."
"legacy-cad-2026-07-23","crates/cad-dxf-lossless/tests/group_code_validation_tests.rs","test","918","3b9af2e4525ab7bc903446ce989392c6e49c9f0473b38f552585e3af8fa2e98d","untracked","legacy-local-untracked","unverified-no-repo-license","reexpress_behavior","false","Re-express the requirement in a new SeaCad-authored test."
"legacy-cad-2026-07-23","crates/cad-dxf-lossless/tests/lossless_tests.rs","test","32034","083bcb66c54ca33942ce9ecd207c278058d92e1ad840336f0806fda83fb86076","untracked","legacy-local-untracked","unverified-no-repo-license","reexpress_behavior","false","Re-express the requirement in a new SeaCad-authored test."
"legacy-cad-2026-07-23","crates/cad-dxf-lossless/tests/pointer_context_tests.rs","test","2116","ad79afdedbb690ba61c07f9479d65626cc37e4de8cb5af6bbf1ed533ab0cc860","untracked","legacy-local-untracked","unverified-no-repo-license","reexpress_behavior","false","Re-express the requirement in a new SeaCad-authored test."
"legacy-cad-2026-07-23","crates/cad-dxf-lossless/tests/property_tests.rs","test","2600","ff6a33bf1d6c82613416e97c46f2f9e4849212463baf085a0918bb51ee505451","untracked","legacy-local-untracked","unverified-no-repo-license","reexpress_behavior","false","Re-express the requirement in a new SeaCad-authored test."
"legacy-cad-2026-07-23","crates/cad-dxf-lossless/tests/section_validation_tests.rs","test","938","50fd1af5b7aea2c0ee311efe1511ee29f9c9c5e82f849d0edb39b55b5fb49bd9","untracked","legacy-local-untracked","unverified-no-repo-license","reexpress_behavior","false","Re-express the requirement in a new SeaCad-authored test."
"legacy-cad-2026-07-23","crates/cad-dxf-lossless/tests/semantic_block_insert_tests.rs","test","5965","925f0f0442279fe3c53397be63a496b5d44d2a89657dee0785989fe85c480093","untracked","legacy-local-untracked","unverified-no-repo-license","reexpress_behavior","false","Re-express the requirement in a new SeaCad-authored test."
"legacy-cad-2026-07-23","crates/cad-dxf-lossless/tests/semantic_block_placement_tests.rs","test","5850","a57c196ac0933020c9e69065c85f4f4791d711740750d920b028fe48c57b1717","untracked","legacy-local-untracked","unverified-no-repo-license","reexpress_behavior","false","Re-express the requirement in a new SeaCad-authored test."
"legacy-cad-2026-07-23","crates/cad-dxf-lossless/tests/semantic_curved_geometry_tests.rs","test","4524","a3cddaf008f6c58196451f27e8e29884f2b34d39faacd59699a86a6165accd4e","untracked","legacy-local-untracked","unverified-no-repo-license","reexpress_behavior","false","Re-express the requirement in a new SeaCad-authored test."
"legacy-cad-2026-07-23","crates/cad-dxf-lossless/tests/semantic_document_tests.rs","test","3947","ed09db5185105b5eebacd6822976575ac4d08bc2fe689b5f77d6a0007235bef7","untracked","legacy-local-untracked","unverified-no-repo-license","reexpress_behavior","false","Re-express the requirement in a new SeaCad-authored test."
"legacy-cad-2026-07-23","crates/cad-dxf-lossless/tests/semantic_edit_policy_tests.rs","test","6483","16bbdcc5173702c1fb86c00e393c1426a020b88c252c36c2c079156bfa7b626f","untracked","legacy-local-untracked","unverified-no-repo-license","reexpress_behavior","false","Re-express the requirement in a new SeaCad-authored test."
"legacy-cad-2026-07-23","crates/cad-dxf-lossless/tests/semantic_face_tests.rs","test","4742","75a71d9961c45c899621a7c457bb503d13f5eb750b265a3c5dfea53739db73e4","untracked","legacy-local-untracked","unverified-no-repo-license","reexpress_behavior","false","Re-express the requirement in a new SeaCad-authored test."
"legacy-cad-2026-07-23","crates/cad-dxf-lossless/tests/semantic_handle_topology_tests.rs","test","3225","d05e4f8fffa6f9ff8a5d14a862b71dc0d9bd2ae4c19a9cdd3a3e225136c18c3c","untracked","legacy-local-untracked","unverified-no-repo-license","reexpress_behavior","false","Re-express the requirement in a new SeaCad-authored test."
"legacy-cad-2026-07-23","crates/cad-dxf-lossless/tests/semantic_index_interface_tests.rs","test","1049","96578b11937d41f545f0fc7127e14e8ec3805d0e3aea45683abd46716d96d5c2","untracked","legacy-local-untracked","unverified-no-repo-license","reexpress_behavior","false","Re-express the requirement in a new SeaCad-authored test."
"legacy-cad-2026-07-23","crates/cad-dxf-lossless/tests/semantic_linear_geometry_tests.rs","test","4447","5315b2f66b2ee51a98698fcb1d4f277ffa2f9709a456f8e568cf7eb1b0a04967","untracked","legacy-local-untracked","unverified-no-repo-license","reexpress_behavior","false","Re-express the requirement in a new SeaCad-authored test."
"legacy-cad-2026-07-23","crates/cad-dxf-lossless/tests/semantic_lwpolyline_tests.rs","test","3790","9c7886b9c46b2c76ed6837362a03011b059dd8533ca702d9ef75d33a8255785b","untracked","legacy-local-untracked","unverified-no-repo-license","reexpress_behavior","false","Re-express the requirement in a new SeaCad-authored test."
"legacy-cad-2026-07-23","crates/cad-dxf-lossless/tests/semantic_mesh_tests.rs","test","4352","83f0bf4f75a8b41d25fd464446fa45f37ece5e108122d6ca7a5124b5ded3ddaf","untracked","legacy-local-untracked","unverified-no-repo-license","reexpress_behavior","false","Re-express the requirement in a new SeaCad-authored test."
"legacy-cad-2026-07-23","crates/cad-dxf-lossless/tests/semantic_object_views_tests.rs","test","4626","4c521738471e1a4fd04c5506fdedbad8bc1c2d020a0c8bd39a37b0be5565a1b3","untracked","legacy-local-untracked","unverified-no-repo-license","reexpress_behavior","false","Re-express the requirement in a new SeaCad-authored test."
"legacy-cad-2026-07-23","crates/cad-dxf-lossless/tests/semantic_polyline_tests.rs","test","5515","00ea84b464753242f942bebff0a3ce1dbcc8065dc172a8d8642b744b41801c3b","untracked","legacy-local-untracked","unverified-no-repo-license","reexpress_behavior","false","Re-express the requirement in a new SeaCad-authored test."
"legacy-cad-2026-07-23","crates/cad-dxf-lossless/tests/semantic_spline_tests.rs","test","7010","52dceb7f9f9e16581db68683bdfbf8bf1ff7052e432556c589932d00934df0ec","untracked","legacy-local-untracked","unverified-no-repo-license","reexpress_behavior","false","Re-express the requirement in a new SeaCad-authored test."
"legacy-cad-2026-07-23","crates/cad-dxf-lossless/tests/semantic_standard_reference_tests.rs","test","4343","854d433448bede0eac2e7c2f2b59cc4ce190784a9f24a491ec89dfd04969ceaa","untracked","legacy-local-untracked","unverified-no-repo-license","reexpress_behavior","false","Re-express the requirement in a new SeaCad-authored test."
"legacy-cad-2026-07-23","crates/cad-dxf-lossless/tests/semantic_text_tests.rs","test","10788","08341bc09ade464c7ebf6e1235ffb27595b214a3d0192459c1f6b4e41f863306","untracked","legacy-local-untracked","unverified-no-repo-license","reexpress_behavior","false","Re-express the requirement in a new SeaCad-authored test."
"legacy-cad-2026-07-23","crates/cad-dxf-lossless/tests/support/binary_fixture_builder.rs","test","3721","5b7ebcf9e914a1f5394c1278342ef9614cfd34c284747a1df0c5e25570a862a6","untracked","legacy-local-untracked","unverified-no-repo-license","reexpress_behavior","false","Re-express the requirement in a new SeaCad-authored test."
"legacy-cad-2026-07-23","crates/cad-dxf-lossless/tests/support/mod.rs","test","32","9ff2465dad7040300877a228df7034ff4029ae3e2f6e0368cbe6486f83272bc8","untracked","legacy-local-untracked","unverified-no-repo-license","reexpress_behavior","false","Re-express the requirement in a new SeaCad-authored test."
"legacy-cad-2026-07-23","crates/cad-dxf-lossless/tests/typed_ascii_value_tests.rs","test","6263","d6f154aa9014fd3d914579bccbbd5085dd860df92e455144e53eabacb7b3966e","untracked","legacy-local-untracked","unverified-no-repo-license","reexpress_behavior","false","Re-express the requirement in a new SeaCad-authored test."
"legacy-cad-2026-07-23","crates/cad-dxf-lossless/tests/typed_binary_value_tests.rs","test","4673","4c53019ef75bf25cce0fa501d0da511c9cc39eb54e36fe89a0085dacc801859c","untracked","legacy-local-untracked","unverified-no-repo-license","reexpress_behavior","false","Re-express the requirement in a new SeaCad-authored test."
"legacy-cad-2026-07-23","crates/cad-dxf/Cargo.toml","metadata","126","602aaee8c618643305e632bd2305d2f372c81a9019b6f5933b48aa5f749a45aa","tracked_clean","legacy-git-history","unverified-no-repo-license","reference_only","false","No direct transfer approved by M1."
"legacy-cad-2026-07-23","crates/cad-dxf/src/document.rs","production_code","3478","aec07bbfc9612b70c6e93acea6bd139cd7b4dd7a6359f6eaa7dfb69224e1e9f9","tracked_modified","legacy-git-history","unverified-no-repo-license","rewrite_clean_room","false","Use behavior and public specifications only; no line-by-line translation."
"legacy-cad-2026-07-23","crates/cad-dxf/src/entity.rs","production_code","15016","f52e1b15877735be4929a3186726b3a54560ead676b0ff3bda26d7f06527a188","tracked_clean","legacy-git-history","unverified-no-repo-license","rewrite_clean_room","false","Use behavior and public specifications only; no line-by-line translation."
"legacy-cad-2026-07-23","crates/cad-dxf/src/error.rs","production_code","942","fa0b0b1c8f15dec4f046d7826bb136e9e01380defae866409c86c5c18b9cea4d","tracked_clean","legacy-git-history","unverified-no-repo-license","rewrite_clean_room","false","Use behavior and public specifications only; no line-by-line translation."
"legacy-cad-2026-07-23","crates/cad-dxf/src/layer.rs","production_code","8768","9b7e22b87f761710e0e8d98653c31a1bc038d99b148ec9fe93e5e6476b67d022","tracked_clean","legacy-git-history","unverified-no-repo-license","rewrite_clean_room","false","Use behavior and public specifications only; no line-by-line translation."
"legacy-cad-2026-07-23","crates/cad-dxf/src/lib.rs","production_code","246","896011ecadd8d37a37367f2287eae1945da6b968fb4f4cc64117f0702c8e8d51","tracked_clean","legacy-git-history","unverified-no-repo-license","rewrite_clean_room","false","Use behavior and public specifications only; no line-by-line translation."
"legacy-cad-2026-07-23","crates/cad-dxf/src/pair.rs","production_code","2556","db3a9a9955c572f8161ce3f63bf1a65a2a0417ce020704f969bcb4ee850de1c5","tracked_clean","legacy-git-history","unverified-no-repo-license","rewrite_clean_room","false","Use behavior and public specifications only; no line-by-line translation."
"legacy-cad-2026-07-23","crates/cad-io/src/dxf_acis_source_type.rs","production_code","5249","4559ca2ea3f617d2fe71e7afea38871a4b22affcac014957caf9e1b8f80242f7","untracked","legacy-local-untracked","unverified-no-repo-license","rewrite_clean_room","false","Legacy adapter context includes acadrust 0.4.0; do not port implementation."
"legacy-cad-2026-07-23","crates/cad-io/src/dxf_attdef_source.rs","production_code","7616","fcf5cc70cedc28aa0dfba48106a0165de0c00124413bb91eaa22ac5293b22264","untracked","legacy-local-untracked","unverified-no-repo-license","rewrite_clean_room","false","Legacy adapter context includes acadrust 0.4.0; do not port implementation."
"legacy-cad-2026-07-23","crates/cad-io/src/dxf_attrib_source.rs","production_code","8669","cc87797257bdd8a3bade4c2e24dfa882d6e4561b63a630519920b8ee7dd3d125","untracked","legacy-local-untracked","unverified-no-repo-license","rewrite_clean_room","false","Legacy adapter context includes acadrust 0.4.0; do not port implementation."
"legacy-cad-2026-07-23","crates/cad-io/src/dxf_dimension_source.rs","production_code","5422","800c3f6b859d673e77cfcfd604292d603f5d915f0c3664eaf1245f456b9d1c34","untracked","legacy-local-untracked","unverified-no-repo-license","rewrite_clean_room","false","Legacy adapter context includes acadrust 0.4.0; do not port implementation."
"legacy-cad-2026-07-23","crates/cad-io/src/dxf_face_source.rs","production_code","6741","06ef1207d69a28efc506907d5a165065efdded2e2d18dcfea68726edbb1a78d0","untracked","legacy-local-untracked","unverified-no-repo-license","rewrite_clean_room","false","Legacy adapter context includes acadrust 0.4.0; do not port implementation."
"legacy-cad-2026-07-23","crates/cad-io/src/dxf_infinite_line_source.rs","production_code","6304","45e40ca9932b1491c045d5e12e139d5ba423256bc29461eb299a81c7163d2f1f","untracked","legacy-local-untracked","unverified-no-repo-license","rewrite_clean_room","false","Legacy adapter context includes acadrust 0.4.0; do not port implementation."
"legacy-cad-2026-07-23","crates/cad-io/src/dxf_leader_source.rs","production_code","5100","9ff105e550f8f105a57ce95e5a3423d00a47d4216c35714118935adec63488ea","untracked","legacy-local-untracked","unverified-no-repo-license","rewrite_clean_room","false","Legacy adapter context includes acadrust 0.4.0; do not port implementation."
"legacy-cad-2026-07-23","crates/cad-io/src/dxf_line_source.rs","production_code","9557","ad8028ffbf91292c14d0d78016f2dddb7df0cf6dbf60dee061eae3741b4ab8e3","untracked","legacy-local-untracked","unverified-no-repo-license","rewrite_clean_room","false","Legacy adapter context includes acadrust 0.4.0; do not port implementation."
"legacy-cad-2026-07-23","crates/cad-io/src/dxf_mesh_source.rs","production_code","8813","a9d709dc9c3643d39d91ecebd94c21d546a362f89259642cd01524b4c1f99b02","untracked","legacy-local-untracked","unverified-no-repo-license","rewrite_clean_room","false","Legacy adapter context includes acadrust 0.4.0; do not port implementation."
"legacy-cad-2026-07-23","crates/cad-io/src/dxf_metadata.rs","production_code","2946","bcaa82a8795fa222ade8bb929752ed099ad05ecdd27dc96a17298d8a26d37e2e","untracked","legacy-local-untracked","unverified-no-repo-license","rewrite_clean_room","false","Legacy adapter context includes acadrust 0.4.0; do not port implementation."
"legacy-cad-2026-07-23","crates/cad-io/src/dxf_mleader_source.rs","production_code","6168","81e7a6041fc92f084ba55ff361624508df4e1ab486b798be33dd382fc2649329","untracked","legacy-local-untracked","unverified-no-repo-license","rewrite_clean_room","false","Legacy adapter context includes acadrust 0.4.0; do not port implementation."
"legacy-cad-2026-07-23","crates/cad-io/src/dxf_mline_source.rs","production_code","7839","c2d6273f3c039aafe43886fe49280a7cb3b7c5d5000eb872d7159fccb53fdbb5","untracked","legacy-local-untracked","unverified-no-repo-license","rewrite_clean_room","false","Legacy adapter context includes acadrust 0.4.0; do not port implementation."
"legacy-cad-2026-07-23","crates/cad-io/src/dxf_mtext_source.rs","production_code","13511","27b673f66be334b496e16ab5deb2bb732b9f43d2191dfa756f6a0160bbcb93de","untracked","legacy-local-untracked","unverified-no-repo-license","rewrite_clean_room","false","Legacy adapter context includes acadrust 0.4.0; do not port implementation."
"legacy-cad-2026-07-23","crates/cad-io/src/dxf_mtext_source_validation.rs","production_code","4288","5a19f4da2a412fb22a86cadf798ef5b0ed1179fb959b8c491ceae561c477cc86","untracked","legacy-local-untracked","unverified-no-repo-license","rewrite_clean_room","false","Legacy adapter context includes acadrust 0.4.0; do not port implementation."
"legacy-cad-2026-07-23","crates/cad-io/src/dxf_native_curved.rs","production_code","12216","aa3261fc7eff23ac2c408ea89429fffec6bf2e18e2fd46eb60ad91db2a9d6734","untracked","legacy-local-untracked","unverified-no-repo-license","rewrite_clean_room","false","Legacy adapter context includes acadrust 0.4.0; do not port implementation."
"legacy-cad-2026-07-23","crates/cad-io/src/dxf_native_differential.rs","production_code","8511","bb49914d14ca99d15011a2975ed025466b55c8c4bc59907e436edae153f14d0b","untracked","legacy-local-untracked","unverified-no-repo-license","rewrite_clean_room","false","Legacy adapter context includes acadrust 0.4.0; do not port implementation."
"legacy-cad-2026-07-23","crates/cad-io/src/dxf_native_face.rs","production_code","8462","0d2ad04212646e7bc6696731fc20dd3b4d34907f46ea1ca5ec0df03298ed44b8","untracked","legacy-local-untracked","unverified-no-repo-license","rewrite_clean_room","false","Legacy adapter context includes acadrust 0.4.0; do not port implementation."
"legacy-cad-2026-07-23","crates/cad-io/src/dxf_native_face_compare.rs","production_code","2933","9340d483c329107f3c27a478afe8d1c5d310b608f4bef10f8744186dc3f1cf41","untracked","legacy-local-untracked","unverified-no-repo-license","rewrite_clean_room","false","Legacy adapter context includes acadrust 0.4.0; do not port implementation."
"legacy-cad-2026-07-23","crates/cad-io/src/dxf_native_face_geometry.rs","production_code","2074","2de9f64f2e1e08047cda8d3763adb0a8bd7a720f3ed1d44ce1cf34a65954deeb","untracked","legacy-local-untracked","unverified-no-repo-license","rewrite_clean_room","false","Legacy adapter context includes acadrust 0.4.0; do not port implementation."
"legacy-cad-2026-07-23","crates/cad-io/src/dxf_native_insert.rs","production_code","11388","2953e13743210e263d37e48c3fcf244c9d338ade22d0d0f8366ee963302e59e3","untracked","legacy-local-untracked","unverified-no-repo-license","rewrite_clean_room","false","Legacy adapter context includes acadrust 0.4.0; do not port implementation."
"legacy-cad-2026-07-23","crates/cad-io/src/dxf_native_insert_expand.rs","production_code","13186","ee4011c4668eac81fef5097520eb89d60b9721d497ed7d81a08eddcd98759418","untracked","legacy-local-untracked","unverified-no-repo-license","rewrite_clean_room","false","Legacy adapter context includes acadrust 0.4.0; do not port implementation."
"legacy-cad-2026-07-23","crates/cad-io/src/dxf_native_insert_helpers.rs","production_code","2185","c81e070978186de615e448610e21bc576386550f12370ad184d995ad058ffc3d","untracked","legacy-local-untracked","unverified-no-repo-license","rewrite_clean_room","false","Legacy adapter context includes acadrust 0.4.0; do not port implementation."
"legacy-cad-2026-07-23","crates/cad-io/src/dxf_native_insert_transform.rs","production_code","5394","bafcce0ca68665d8df5a9efeb86bea50d765591c79e5f6b57382e0370bac1b46","untracked","legacy-local-untracked","unverified-no-repo-license","rewrite_clean_room","false","Legacy adapter context includes acadrust 0.4.0; do not port implementation."
"legacy-cad-2026-07-23","crates/cad-io/src/dxf_native_linear.rs","production_code","11472","b863f9c2756d5312923c6754df10426104b3f63c8b5b4491baea311ed32b930c","untracked","legacy-local-untracked","unverified-no-repo-license","rewrite_clean_room","false","Legacy adapter context includes acadrust 0.4.0; do not port implementation."
"legacy-cad-2026-07-23","crates/cad-io/src/dxf_native_lwpolyline.rs","production_code","8619","9dc0ac76b09459f9bdc199cd22e748ae2feb310cbe5702ab57790596db8753ed","untracked","legacy-local-untracked","unverified-no-repo-license","rewrite_clean_room","false","Legacy adapter context includes acadrust 0.4.0; do not port implementation."
"legacy-cad-2026-07-23","crates/cad-io/src/dxf_native_lwpolyline_geometry.rs","production_code","5184","c56b7cbfe077bfd1b7bdb127eca0fb8c30d1aa337ae6968a35aab8913eb43988","untracked","legacy-local-untracked","unverified-no-repo-license","rewrite_clean_room","false","Legacy adapter context includes acadrust 0.4.0; do not port implementation."
"legacy-cad-2026-07-23","crates/cad-io/src/dxf_native_mesh.rs","production_code","9605","c317f37633e7f2652b31f95d07c9e93f513fc006fadfb41309de5f8489fe9fc9","untracked","legacy-local-untracked","unverified-no-repo-license","rewrite_clean_room","false","Legacy adapter context includes acadrust 0.4.0; do not port implementation."
"legacy-cad-2026-07-23","crates/cad-io/src/dxf_native_mesh_compare.rs","production_code","1535","72b16bb542d2de1b23ce6dde37476ffbd2f713cbfd2782caa40f19cdafe792a2","untracked","legacy-local-untracked","unverified-no-repo-license","rewrite_clean_room","false","Legacy adapter context includes acadrust 0.4.0; do not port implementation."
"legacy-cad-2026-07-23","crates/cad-io/src/dxf_native_mesh_geometry.rs","production_code","3410","6dfc16d5ed3f6cc0e3acd67eb3d9adf6da748e04ca285307b1e326a6a5825304","untracked","legacy-local-untracked","unverified-no-repo-license","rewrite_clean_room","false","Legacy adapter context includes acadrust 0.4.0; do not port implementation."
"legacy-cad-2026-07-23","crates/cad-io/src/dxf_native_polyline.rs","production_code","10436","e7b64c828814cf60b679b3295055bc3490760bc824ed5b1e14c64372963072e8","untracked","legacy-local-untracked","unverified-no-repo-license","rewrite_clean_room","false","Legacy adapter context includes acadrust 0.4.0; do not port implementation."
"legacy-cad-2026-07-23","crates/cad-io/src/dxf_native_polyline_compare.rs","production_code","3412","33ddb65948e81826d1d52e09f17d8ba5e41e09cde3cad3d0d635dbf2c0ae2a66","untracked","legacy-local-untracked","unverified-no-repo-license","rewrite_clean_room","false","Legacy adapter context includes acadrust 0.4.0; do not port implementation."
"legacy-cad-2026-07-23","crates/cad-io/src/dxf_native_polyline_geometry.rs","production_code","10894","be3536f9bf5e4dac28c7ca6b084df743458eba601afa81e94b8c071fd39bd6c9","untracked","legacy-local-untracked","unverified-no-repo-license","rewrite_clean_room","false","Legacy adapter context includes acadrust 0.4.0; do not port implementation."
"legacy-cad-2026-07-23","crates/cad-io/src/dxf_native_spline.rs","production_code","8681","b56f9c5dd48ef9c72aad4b13709bbfe820b4d1a5728495ff3d3e360645493257","untracked","legacy-local-untracked","unverified-no-repo-license","rewrite_clean_room","false","Legacy adapter context includes acadrust 0.4.0; do not port implementation."
"legacy-cad-2026-07-23","crates/cad-io/src/dxf_native_spline_compare.rs","production_code","3968","7bd78a7092d32d17b52cb8cd85d4cf01037dde32d63ec1c186335ab7061d5745","untracked","legacy-local-untracked","unverified-no-repo-license","rewrite_clean_room","false","Legacy adapter context includes acadrust 0.4.0; do not port implementation."
"legacy-cad-2026-07-23","crates/cad-io/src/dxf_native_spline_geometry.rs","production_code","4907","ee17d46783e8a4b4d79c80abae3709450aab8becea7014f0199e660401abb615","untracked","legacy-local-untracked","unverified-no-repo-license","rewrite_clean_room","false","Legacy adapter context includes acadrust 0.4.0; do not port implementation."
"legacy-cad-2026-07-23","crates/cad-io/src/dxf_native_text.rs","production_code","12601","cd622a377c562ac6696be53426594b85006ed4a42f83327053ea15aaf91183d7","untracked","legacy-local-untracked","unverified-no-repo-license","rewrite_clean_room","false","Legacy adapter context includes acadrust 0.4.0; do not port implementation."
"legacy-cad-2026-07-23","crates/cad-io/src/dxf_native_text_compare.rs","production_code","5870","7c219fb110597ff49b6e0a575b01f9a573ae4f8d8b5d7e8e0aaea6320c868c7d","untracked","legacy-local-untracked","unverified-no-repo-license","rewrite_clean_room","false","Legacy adapter context includes acadrust 0.4.0; do not port implementation."
"legacy-cad-2026-07-23","crates/cad-io/src/dxf_native_text_encoding.rs","production_code","4946","2807069270c2c9c8e16cc528b689d6f6fd1c9f91978f249aff1d834940658f3a","untracked","legacy-local-untracked","unverified-no-repo-license","rewrite_clean_room","false","Legacy adapter context includes acadrust 0.4.0; do not port implementation."
"legacy-cad-2026-07-23","crates/cad-io/src/dxf_native_text_geometry.rs","production_code","11095","748787f692499bcb438ae2060f85bd91936ed2b98e3a714151448cec6c745251","untracked","legacy-local-untracked","unverified-no-repo-license","rewrite_clean_room","false","Legacy adapter context includes acadrust 0.4.0; do not port implementation."
"legacy-cad-2026-07-23","crates/cad-io/src/dxf_normalization.rs","production_code","3567","4ef88879c92509eaac8a77aa4744e816c32514a7ee0e04bcd80ad484e9bc7677","untracked","legacy-local-untracked","unverified-no-repo-license","rewrite_clean_room","false","Legacy adapter context includes acadrust 0.4.0; do not port implementation."
"legacy-cad-2026-07-23","crates/cad-io/src/dxf_ocs.rs","production_code","1441","2b203f56aaa23ff3f5166df8de20959d221f55a04c021a9deb27a0c8122da9d3","untracked","legacy-local-untracked","unverified-no-repo-license","rewrite_clean_room","false","Legacy adapter context includes acadrust 0.4.0; do not port implementation."
"legacy-cad-2026-07-23","crates/cad-io/src/dxf_polygon_mesh_source.rs","production_code","8883","3ef910c58615d202f97f5e2f99f4a8a035b9591a2d4592e895b73922651becd8","untracked","legacy-local-untracked","unverified-no-repo-license","rewrite_clean_room","false","Legacy adapter context includes acadrust 0.4.0; do not port implementation."
"legacy-cad-2026-07-23","crates/cad-io/src/dxf_polyline_source.rs","production_code","7340","7a1b693de4910c38eb192e901a59204d26ce65500c0d54fc25f832a452401436","untracked","legacy-local-untracked","unverified-no-repo-license","rewrite_clean_room","false","Legacy adapter context includes acadrust 0.4.0; do not port implementation."
"legacy-cad-2026-07-23","crates/cad-io/src/dxf_proxy_source_type.rs","production_code","5748","aeef11dcd25315cdc9c8673fde7657d045c2de2aa80720f8de821aa0c8c9faba","untracked","legacy-local-untracked","unverified-no-repo-license","rewrite_clean_room","false","Legacy adapter context includes acadrust 0.4.0; do not port implementation."
"legacy-cad-2026-07-23","crates/cad-io/src/dxf_session.rs","production_code","11196","d67a7bd02633364e799e3c2617607ce9a2bd926a023ef7c4d72d4842ecbcdaed","untracked","legacy-local-untracked","unverified-no-repo-license","rewrite_clean_room","false","Legacy adapter context includes acadrust 0.4.0; do not port implementation."
"legacy-cad-2026-07-23","crates/cad-io/src/dxf_session_io.rs","production_code","3433","85069fd62eb11e2b1a38f84be173f74981acaac241b22f0c1864b93fa665e414","untracked","legacy-local-untracked","unverified-no-repo-license","rewrite_clean_room","false","Legacy adapter context includes acadrust 0.4.0; do not port implementation."
"legacy-cad-2026-07-23","crates/cad-io/src/dxf_session_types.rs","production_code","9564","9fc758297369f26642ba1e5abab6073fe9eff839a6c9808a12759df1ae851f40","untracked","legacy-local-untracked","unverified-no-repo-license","rewrite_clean_room","false","Legacy adapter context includes acadrust 0.4.0; do not port implementation."
"legacy-cad-2026-07-23","crates/cad-io/src/dxf_source_indexes.rs","production_code","4880","36f24df3d05ebbff380ce9e2087656fc0da5922cc0f014c53ca91fc3d665e762","untracked","legacy-local-untracked","unverified-no-repo-license","rewrite_clean_room","false","Legacy adapter context includes acadrust 0.4.0; do not port implementation."
"legacy-cad-2026-07-23","crates/cad-io/src/dxf_source_map.rs","production_code","14119","26d6d70f67818d6e90f4c6c1f550c7e560dded0bf9e7cf1051ec3da1e4bc8e3d","untracked","legacy-local-untracked","unverified-no-repo-license","rewrite_clean_room","false","Legacy adapter context includes acadrust 0.4.0; do not port implementation."
"legacy-cad-2026-07-23","crates/cad-io/src/dxf_source_map_match.rs","production_code","6975","40c27af7d03147a85301152a0ce65bdf78aabad6ac500acf75dcc99613b7de88","untracked","legacy-local-untracked","unverified-no-repo-license","rewrite_clean_room","false","Legacy adapter context includes acadrust 0.4.0; do not port implementation."
"legacy-cad-2026-07-23","crates/cad-io/src/dxf_source_map_source.rs","production_code","5615","73c42ac583a28d8e4f410391732854b8a430b4e17222b191dbfa85c81e8efb7d","untracked","legacy-local-untracked","unverified-no-repo-license","rewrite_clean_room","false","Legacy adapter context includes acadrust 0.4.0; do not port implementation."
"legacy-cad-2026-07-23","crates/cad-io/src/dxf_source_type.rs","production_code","12575","c25ce7846eafc428bb46f8a2dda084c7e4f2b68b417fcb18059a3c96f849f80b","untracked","legacy-local-untracked","unverified-no-repo-license","rewrite_clean_room","false","Legacy adapter context includes acadrust 0.4.0; do not port implementation."
"legacy-cad-2026-07-23","crates/cad-io/src/dxf_spline_source.rs","production_code","9174","20177d7e191ab64aab85a9dcfa8872d8a1dfb310818fc91e46f714b1ba7cffe1","untracked","legacy-local-untracked","unverified-no-repo-license","rewrite_clean_room","false","Legacy adapter context includes acadrust 0.4.0; do not port implementation."
"legacy-cad-2026-07-23","crates/cad-io/src/dxf_spline_source_model.rs","production_code","4274","0eed706aa4db9ca06905f448ced23baa4ef3ed79107289bc6584aa8e1a744fc8","untracked","legacy-local-untracked","unverified-no-repo-license","rewrite_clean_room","false","Legacy adapter context includes acadrust 0.4.0; do not port implementation."
"legacy-cad-2026-07-23","crates/cad-io/src/dxf_viewport_source.rs","production_code","6205","c9900e5badd428868cece2d1555417f49dca415082d6b4c2c2079652cb16f7e6","untracked","legacy-local-untracked","unverified-no-repo-license","rewrite_clean_room","false","Legacy adapter context includes acadrust 0.4.0; do not port implementation."
"legacy-cad-2026-07-23","crates/cad-io/src/dxf_wipeout_source_type.rs","production_code","6497","9a7ec26eca82058fa88ccd3607663aca146c5ade127f9e7be8c44bf9274b2440","untracked","legacy-local-untracked","unverified-no-repo-license","rewrite_clean_room","false","Legacy adapter context includes acadrust 0.4.0; do not port implementation."
"legacy-cad-2026-07-23","crates/cad-io/src/lwpolyline_bulge.rs","production_code","2689","63697de58853e19f162646ceadfe8d5e5e3a498351d1c7a6c7a793674b8606f8","untracked","legacy-local-untracked","unverified-no-repo-license","rewrite_clean_room","false","Legacy adapter context includes acadrust 0.4.0; do not port implementation."
"legacy-cad-2026-07-23","crates/cad-io/src/lwpolyline_width.rs","production_code","906","6503b58aa447ae9b1960589e379bd235a82f3c31b6fe50b966e20869242d66f8","untracked","legacy-local-untracked","unverified-no-repo-license","rewrite_clean_room","false","Legacy adapter context includes acadrust 0.4.0; do not port implementation."
"legacy-cad-2026-07-23","crates/cad-io/src/native_attrib.rs","production_code","1112","7ef4509116d8118ec10753a3fcb8c17995f7a9381516f5d861831600ad2e6939","untracked","legacy-local-untracked","unverified-no-repo-license","rewrite_clean_room","false","Legacy adapter context includes acadrust 0.4.0; do not port implementation."
"legacy-cad-2026-07-23","crates/cad-io/src/native_dimension.rs","production_code","847","4eda93cc3aa8b5d01adc6f355cde36e4cd0453d6aa60892d6efb00ed5594bad2","untracked","legacy-local-untracked","unverified-no-repo-license","rewrite_clean_room","false","Legacy adapter context includes acadrust 0.4.0; do not port implementation."
"legacy-cad-2026-07-23","crates/cad-io/src/native_document_adapter.rs","production_code","6061","1ffd399cf7b1e2fdc169f134c3726e35b8835b56f87fd405a4e8aa97a2ba97c2","untracked","legacy-local-untracked","unverified-no-repo-license","rewrite_clean_room","false","Legacy adapter context includes acadrust 0.4.0; do not port implementation."
"legacy-cad-2026-07-23","crates/cad-io/src/native_ellipse.rs","production_code","1347","b456f4f6737bece8b5b214ea9e30b53801e9851b6fc46e92e69ddb733f1a00f4","untracked","legacy-local-untracked","unverified-no-repo-license","rewrite_clean_room","false","Legacy adapter context includes acadrust 0.4.0; do not port implementation."
"legacy-cad-2026-07-23","crates/cad-io/src/native_face.rs","production_code","6341","16ba41679aefb1ceba60e38ee07c272b43abd0143c72d470e46d0b3eca8e5d60","untracked","legacy-local-untracked","unverified-no-repo-license","rewrite_clean_room","false","Legacy adapter context includes acadrust 0.4.0; do not port implementation."
"legacy-cad-2026-07-23","crates/cad-io/src/native_fidelity.rs","production_code","14888","1e7b12c6951d37042a58908edfbc888871a986b8955f1694399d14d0d605758c","untracked","legacy-local-untracked","unverified-no-repo-license","rewrite_clean_room","false","Legacy adapter context includes acadrust 0.4.0; do not port implementation."
"legacy-cad-2026-07-23","crates/cad-io/src/native_hatch.rs","production_code","11564","c3a14571f260fe2209f4de6e2beb207340663b2608e0e62e9722bf8f267ed30a","untracked","legacy-local-untracked","unverified-no-repo-license","rewrite_clean_room","false","Legacy adapter context includes acadrust 0.4.0; do not port implementation."
"legacy-cad-2026-07-23","crates/cad-io/src/native_infinite_line.rs","production_code","5173","12c6a6ec16af7e46b78239ddfd9dcaf4f2aa1edb4515ec0bb697949510b1cae3","untracked","legacy-local-untracked","unverified-no-repo-license","rewrite_clean_room","false","Legacy adapter context includes acadrust 0.4.0; do not port implementation."
"legacy-cad-2026-07-23","crates/cad-io/src/native_leader.rs","production_code","423","dfcc8859ce0e1243ab500594961e1c46db73c033806a2a60d2f9c03864ba483b","untracked","legacy-local-untracked","unverified-no-repo-license","rewrite_clean_room","false","Legacy adapter context includes acadrust 0.4.0; do not port implementation."
"legacy-cad-2026-07-23","crates/cad-io/src/native_mesh.rs","production_code","4546","8973fc7d0db5cf6f2378ed9978d9bd79be3b16c50bcaf349f79aace5d723d19b","untracked","legacy-local-untracked","unverified-no-repo-license","rewrite_clean_room","false","Legacy adapter context includes acadrust 0.4.0; do not port implementation."
"legacy-cad-2026-07-23","crates/cad-io/src/native_metadata.rs","production_code","16398","438e09d6de0f178891f82122081e4e8054481a6727a5db405aaf0df70f95115a","untracked","legacy-local-untracked","unverified-no-repo-license","rewrite_clean_room","false","Legacy adapter context includes acadrust 0.4.0; do not port implementation."
"legacy-cad-2026-07-23","crates/cad-io/src/native_mleader.rs","production_code","455","f56615504a0a047ab5350665d5cbdd597893cdb973039d3f0e983eba49806450","untracked","legacy-local-untracked","unverified-no-repo-license","rewrite_clean_room","false","Legacy adapter context includes acadrust 0.4.0; do not port implementation."
"legacy-cad-2026-07-23","crates/cad-io/src/native_mline.rs","production_code","1103","f9d34119be2b0f40f9d2a0a28ea7e42eb3331c7189da01998d0674229f768582","untracked","legacy-local-untracked","unverified-no-repo-license","rewrite_clean_room","false","Legacy adapter context includes acadrust 0.4.0; do not port implementation."
"legacy-cad-2026-07-23","crates/cad-io/src/native_polyface.rs","production_code","4998","9ef3a055f07c6659d0355e228244ef8ce957351df3b5ca58c492c8e43c4bf12f","untracked","legacy-local-untracked","unverified-no-repo-license","rewrite_clean_room","false","Legacy adapter context includes acadrust 0.4.0; do not port implementation."
"legacy-cad-2026-07-23","crates/cad-io/src/native_polygon_mesh.rs","production_code","5068","25abc4294776be084be7c8ee7d603dfe7e75c05fce7deb4a910886bbc5f7abc0","untracked","legacy-local-untracked","unverified-no-repo-license","rewrite_clean_room","false","Legacy adapter context includes acadrust 0.4.0; do not port implementation."
"legacy-cad-2026-07-23","crates/cad-io/src/native_spline.rs","production_code","3146","5be18ba567d63a4e695e9d40b04356565f767e10a862b061807d3117b5db6a23","untracked","legacy-local-untracked","unverified-no-repo-license","rewrite_clean_room","false","Legacy adapter context includes acadrust 0.4.0; do not port implementation."
"legacy-cad-2026-07-23","crates/cad-io/src/native_text.rs","production_code","7574","4a05c393bc783880074a869e5b0b8426c1590b6148f7b9140c358fdd596082c5","untracked","legacy-local-untracked","unverified-no-repo-license","rewrite_clean_room","false","Legacy adapter context includes acadrust 0.4.0; do not port implementation."
"legacy-cad-2026-07-23","crates/cad-io/src/native_viewport.rs","production_code","665","d6c86cc36151fa90df5356cb562738ed49005fc040f1fb942f0dc8ed6f0c29ca","untracked","legacy-local-untracked","unverified-no-repo-license","rewrite_clean_room","false","Legacy adapter context includes acadrust 0.4.0; do not port implementation."
"legacy-cad-2026-07-23","crates/cad-io/tests/dxf_acis_tests.rs","test","2305","02f4326472993413b75fa0c109bd600116f7e4d006c341d9e3ec0cceac96df0f","untracked","legacy-local-untracked","unverified-no-repo-license","reexpress_behavior","false","Legacy adapter context includes acadrust 0.4.0; do not port implementation."
"legacy-cad-2026-07-23","crates/cad-io/tests/dxf_attdef_tests.rs","test","3582","751920bbf4ed4c2f505b5c0cfa2b4eb18b367eea2fac424a10c60d98fdfbec70","untracked","legacy-local-untracked","unverified-no-repo-license","reexpress_behavior","false","Legacy adapter context includes acadrust 0.4.0; do not port implementation."
"legacy-cad-2026-07-23","crates/cad-io/tests/dxf_attrib_tests.rs","test","4171","f714da49de95347f8e1ec167036e58accca95db236e54ead08b5115a62b35c70","untracked","legacy-local-untracked","unverified-no-repo-license","reexpress_behavior","false","Legacy adapter context includes acadrust 0.4.0; do not port implementation."
"legacy-cad-2026-07-23","crates/cad-io/tests/dxf_dimension_tests.rs","test","2350","8087f4af45728ef1e9a68f6b29159de16f93e63abc38c1b90af14bd21e5d6043","untracked","legacy-local-untracked","unverified-no-repo-license","reexpress_behavior","false","Legacy adapter context includes acadrust 0.4.0; do not port implementation."
"legacy-cad-2026-07-23","crates/cad-io/tests/dxf_ellipse_tests.rs","test","2703","941a077197b9b5e9b951969f79cbc9247d3c1ed92a9fb5109c58af4adb33f831","untracked","legacy-local-untracked","unverified-no-repo-license","reexpress_behavior","false","Legacy adapter context includes acadrust 0.4.0; do not port implementation."
"legacy-cad-2026-07-23","crates/cad-io/tests/dxf_face_tests.rs","test","4539","348fc02667441091daabd52eb13ce453717dfccd1e6d7e1e6388fe44da5e9b71","untracked","legacy-local-untracked","unverified-no-repo-license","reexpress_behavior","false","Legacy adapter context includes acadrust 0.4.0; do not port implementation."
"legacy-cad-2026-07-23","crates/cad-io/tests/dxf_hatch_tests.rs","test","8025","df83c955d79ec8dfca1dcfb643c2901d0ffe340896ffc2e7acb52eb9aa6a7f59","untracked","legacy-local-untracked","unverified-no-repo-license","reexpress_behavior","false","Legacy adapter context includes acadrust 0.4.0; do not port implementation."
"legacy-cad-2026-07-23","crates/cad-io/tests/dxf_image_tests.rs","test","1850","581158aa0d9b7f13b3a07f8ba87aae0da4f7e69f1e218dc45fdbe1c8abfe310a","untracked","legacy-local-untracked","unverified-no-repo-license","reexpress_behavior","false","Legacy adapter context includes acadrust 0.4.0; do not port implementation."
"legacy-cad-2026-07-23","crates/cad-io/tests/dxf_infinite_line_tests.rs","test","4084","2dc2140a6d563159bb970c2fd4d798187d59c4eb136f9ff87bbfa2a13a858074","untracked","legacy-local-untracked","unverified-no-repo-license","reexpress_behavior","false","Legacy adapter context includes acadrust 0.4.0; do not port implementation."
"legacy-cad-2026-07-23","crates/cad-io/tests/dxf_insert_tests.rs","test","4334","b50f2ad2fcc7097ba463572e09821b58dd16bfc81736013265a41f63b481f4c6","untracked","legacy-local-untracked","unverified-no-repo-license","reexpress_behavior","false","Legacy adapter context includes acadrust 0.4.0; do not port implementation."
"legacy-cad-2026-07-23","crates/cad-io/tests/dxf_leader_tests.rs","test","2338","9b5df8cea7f4d6c2c0886d8f261f68c90e81d417c553f9373beef10ce7df95ef","untracked","legacy-local-untracked","unverified-no-repo-license","reexpress_behavior","false","Legacy adapter context includes acadrust 0.4.0; do not port implementation."
"legacy-cad-2026-07-23","crates/cad-io/tests/dxf_line_tests.rs","test","3109","dae2e21db1c4a46cd58763953ebde03b6263a0b8941ee70d52b462892d3ee33b","untracked","legacy-local-untracked","unverified-no-repo-license","reexpress_behavior","false","Legacy adapter context includes acadrust 0.4.0; do not port implementation."
"legacy-cad-2026-07-23","crates/cad-io/tests/dxf_lwpolyline_tests.rs","test","7917","ea7a0704ee31951689eeb7ec4ecf3f90006fe11a7ac09f3b5f4f10356905e69e","untracked","legacy-local-untracked","unverified-no-repo-license","reexpress_behavior","false","Legacy adapter context includes acadrust 0.4.0; do not port implementation."
"legacy-cad-2026-07-23","crates/cad-io/tests/dxf_mesh_tests.rs","test","3152","c6691be4d49bfc3390c4436490f86418b4fc02c2e3deba0519d316814dd3d1af","untracked","legacy-local-untracked","unverified-no-repo-license","reexpress_behavior","false","Legacy adapter context includes acadrust 0.4.0; do not port implementation."
"legacy-cad-2026-07-23","crates/cad-io/tests/dxf_mleader_tests.rs","test","2683","675aea9664b54ed847839776402a4e19bdfa3b0126c8d65fba763857f0f692ac","untracked","legacy-local-untracked","unverified-no-repo-license","reexpress_behavior","false","Legacy adapter context includes acadrust 0.4.0; do not port implementation."
"legacy-cad-2026-07-23","crates/cad-io/tests/dxf_mline_tests.rs","test","2255","b2eecc9b95f7f7942d580d1fa68077f1769665857f0d20f3c40fd8db28e5dd46","untracked","legacy-local-untracked","unverified-no-repo-license","reexpress_behavior","false","Legacy adapter context includes acadrust 0.4.0; do not port implementation."
"legacy-cad-2026-07-23","crates/cad-io/tests/dxf_mtext_tests.rs","test","5604","41546b9c6bfa714306686842c60a7c1ed6300ff4a434a596deed1ba765837dfd","untracked","legacy-local-untracked","unverified-no-repo-license","reexpress_behavior","false","Legacy adapter context includes acadrust 0.4.0; do not port implementation."
"legacy-cad-2026-07-23","crates/cad-io/tests/dxf_native_curved_tests.rs","test","5910","03ec8adca2287b0f5e69f2b879bb409a3cfe3624b24431dd9d451fe6851c4e1f","untracked","legacy-local-untracked","unverified-no-repo-license","reexpress_behavior","false","Legacy adapter context includes acadrust 0.4.0; do not port implementation."
"legacy-cad-2026-07-23","crates/cad-io/tests/dxf_native_differential_tests.rs","test","2552","8347c4c252e46a2003f0f8926c47b95b2086972c0d29026bea638b3bdafcc63a","untracked","legacy-local-untracked","unverified-no-repo-license","reexpress_behavior","false","Legacy adapter context includes acadrust 0.4.0; do not port implementation."
"legacy-cad-2026-07-23","crates/cad-io/tests/dxf_native_face_tests.rs","test","3399","81ae8bdf06b2d83eb197e5541fcaf00a2c3d10b29098bf3ea2f2cce4f9f4af46","untracked","legacy-local-untracked","unverified-no-repo-license","reexpress_behavior","false","Legacy adapter context includes acadrust 0.4.0; do not port implementation."
"legacy-cad-2026-07-23","crates/cad-io/tests/dxf_native_insert_tests.rs","test","7471","c7ee3490b5b1f79a1fc52ce611a9e2c45830dff7daed168c44569079951b4d36","untracked","legacy-local-untracked","unverified-no-repo-license","reexpress_behavior","false","Legacy adapter context includes acadrust 0.4.0; do not port implementation."
"legacy-cad-2026-07-23","crates/cad-io/tests/dxf_native_linear_tests.rs","test","6066","ee745b72fabd8a3d776eed1c44b13019d224124f5117abc8c912d6a791ca3224","untracked","legacy-local-untracked","unverified-no-repo-license","reexpress_behavior","false","Legacy adapter context includes acadrust 0.4.0; do not port implementation."
"legacy-cad-2026-07-23","crates/cad-io/tests/dxf_native_lwpolyline_tests.rs","test","5727","2f1cf23d5f49676453f7a5487e1cf064c2d23f1f14ac2f4a8eb37b2a8a748cce","untracked","legacy-local-untracked","unverified-no-repo-license","reexpress_behavior","false","Legacy adapter context includes acadrust 0.4.0; do not port implementation."
"legacy-cad-2026-07-23","crates/cad-io/tests/dxf_native_mesh_tests.rs","test","5046","fdd531e22380a02bdc434d4bc325ab7f8da84a4472ededa79a0ce45a56689268","untracked","legacy-local-untracked","unverified-no-repo-license","reexpress_behavior","false","Legacy adapter context includes acadrust 0.4.0; do not port implementation."
"legacy-cad-2026-07-23","crates/cad-io/tests/dxf_native_polyline_tests.rs","test","8756","c4ffe8790f3ddc2ff76409d039d4af02ec20deaaead24e259cc4e0cb7f8ecf3a","untracked","legacy-local-untracked","unverified-no-repo-license","reexpress_behavior","false","Legacy adapter context includes acadrust 0.4.0; do not port implementation."
"legacy-cad-2026-07-23","crates/cad-io/tests/dxf_native_spline_tests.rs","test","8112","afe22f224ffb2002b0062ce42ad40e5363d4e4525403ae88ae8bb701cb004870","untracked","legacy-local-untracked","unverified-no-repo-license","reexpress_behavior","false","Legacy adapter context includes acadrust 0.4.0; do not port implementation."
"legacy-cad-2026-07-23","crates/cad-io/tests/dxf_native_text_tests.rs","test","13404","c0c3291c1412c47428e0be7a07c36b73c52204e997792988281b2acbb5682595","untracked","legacy-local-untracked","unverified-no-repo-license","reexpress_behavior","false","Legacy adapter context includes acadrust 0.4.0; do not port implementation."
"legacy-cad-2026-07-23","crates/cad-io/tests/dxf_polyface_tests.rs","test","2986","b9df0a521adf27c6dd3f487229c0f57d0e6ac78f785ca824bfede82aba0ce6af","untracked","legacy-local-untracked","unverified-no-repo-license","reexpress_behavior","false","Legacy adapter context includes acadrust 0.4.0; do not port implementation."
"legacy-cad-2026-07-23","crates/cad-io/tests/dxf_polygon_mesh_tests.rs","test","4824","a6dc831ca2d9edefa445b5e957e8e25c646659a2ae53c6a91cc37b3a077e621c","untracked","legacy-local-untracked","unverified-no-repo-license","reexpress_behavior","false","Legacy adapter context includes acadrust 0.4.0; do not port implementation."
"legacy-cad-2026-07-23","crates/cad-io/tests/dxf_proxy_tests.rs","test","2306","3561359a8cd403c38cc98eba7b65d7e5892c9ba31ae22de931c935fbf6c61615","untracked","legacy-local-untracked","unverified-no-repo-license","reexpress_behavior","false","Legacy adapter context includes acadrust 0.4.0; do not port implementation."
"legacy-cad-2026-07-23","crates/cad-io/tests/dxf_session_tests.rs","test","20306","4165a044d4a975b95ba93b3cca1dbc559ef33357d40cc5bcfc7954dbd79090bd","untracked","legacy-local-untracked","unverified-no-repo-license","reexpress_behavior","false","Legacy adapter context includes acadrust 0.4.0; do not port implementation."
"legacy-cad-2026-07-23","crates/cad-io/tests/dxf_spline_tests.rs","test","4523","b2efa0347cd6203b6845d8c860573bf18877b89fbdf92b2d3aebe9e3021f8065","untracked","legacy-local-untracked","unverified-no-repo-license","reexpress_behavior","false","Legacy adapter context includes acadrust 0.4.0; do not port implementation."
"legacy-cad-2026-07-23","crates/cad-io/tests/dxf_version_metadata_tests.rs","test","2810","531ffc0392c5356720a2517410bacb0a7d95f4d81e0f427697ba0e80502692c2","untracked","legacy-local-untracked","unverified-no-repo-license","reexpress_behavior","false","Legacy adapter context includes acadrust 0.4.0; do not port implementation."
"legacy-cad-2026-07-23","crates/cad-io/tests/dxf_viewport_tests.rs","test","2356","041a1f0d5fd1fd675359496ed627c98b4f2c22271123fa99a64bc5d29fa91694","untracked","legacy-local-untracked","unverified-no-repo-license","reexpress_behavior","false","Legacy adapter context includes acadrust 0.4.0; do not port implementation."
"legacy-cad-2026-07-23","crates/cad-io/tests/dxf_wipeout_tests.rs","test","2697","091886f41965b4989730594b10e76928808a74aa55a1e35556cf32a64007ee06","untracked","legacy-local-untracked","unverified-no-repo-license","reexpress_behavior","false","Legacy adapter context includes acadrust 0.4.0; do not port implementation."
"legacy-cad-2026-07-23","crates/cad-io/tests/fixtures/dxf_dimension_source_fields.dxf","cad_fixture","278","ffd996fffe450401eca77cea1eb6af7941b9c3c179aa8fde8c7d900f102005f2","untracked","legacy-local-untracked","unverified-no-repo-license","quarantine_pending_attestation","false","Byte hash recorded; direct transfer is blocked until ownership is attested."
"legacy-cad-2026-07-23","crates/cad-io/tests/fixtures/dxf_infinite_lines.dxf","cad_fixture","383","2dbbbe05addd0a04be0422e68b7c0c4783746587c39a3ae7d94751b185086296","untracked","legacy-local-untracked","unverified-no-repo-license","quarantine_pending_attestation","false","Byte hash recorded; direct transfer is blocked until ownership is attested."
"legacy-cad-2026-07-23","crates/cad-io/tests/fixtures/dxf_leader_source_fields.dxf","cad_fixture","342","ead999c67ce73ca22024d106e698e9e22f542fd3a7dd8f0291dfdeb6ae5f866d","untracked","legacy-local-untracked","unverified-no-repo-license","quarantine_pending_attestation","false","Byte hash recorded; direct transfer is blocked until ownership is attested."
"legacy-cad-2026-07-23","crates/cad-io/tests/fixtures/dxf_mesh_base_faces.dxf","cad_fixture","324","c3ceb17f9e7287398f091d22149c350014545376bf00b68d7d0e4b722e45aa9e","untracked","legacy-local-untracked","unverified-no-repo-license","quarantine_pending_attestation","false","Byte hash recorded; direct transfer is blocked until ownership is attested."
"legacy-cad-2026-07-23","crates/cad-io/tests/fixtures/dxf_mleader_source_fields.dxf","cad_fixture","815","f52a2e65ba07a477126dab295beae94d8f61abe8c6adb0e5555ad3510e0d5e56","untracked","legacy-local-untracked","unverified-no-repo-license","quarantine_pending_attestation","false","Byte hash recorded; direct transfer is blocked until ownership is attested."
"legacy-cad-2026-07-23","crates/cad-io/tests/fixtures/dxf_mline_source_fields.dxf","cad_fixture","477","4ff140a1b4aecf50b292694833e2664c6bf9b4fd9e5c229a821017a562d3cf0d","untracked","legacy-local-untracked","unverified-no-repo-license","quarantine_pending_attestation","false","Byte hash recorded; direct transfer is blocked until ownership is attested."
"legacy-cad-2026-07-23","crates/cad-io/tests/fixtures/dxf_planar_faces.dxf","cad_fixture","554","102e6216a045e6248f60896ba1ee666bf905b1f98e1055ae256cf8eb0d3f36c8","untracked","legacy-local-untracked","unverified-no-repo-license","quarantine_pending_attestation","false","Byte hash recorded; direct transfer is blocked until ownership is attested."
"legacy-cad-2026-07-23","crates/cad-io/tests/fixtures/dxf_polyface_mesh.dxf","cad_fixture","755","4c2d5c8698a532d32361ebd00bb602ab123aba6d6953fd028b53efc91f77c6f3","untracked","legacy-local-untracked","unverified-no-repo-license","quarantine_pending_attestation","false","Byte hash recorded; direct transfer is blocked until ownership is attested."
"legacy-cad-2026-07-23","crates/cad-io/tests/fixtures/dxf_polygon_mesh.dxf","cad_fixture","884","2f33cedc47ff0605c0cb7070b64d4328463191f9bddef2679624fca8e5ab6bd1","untracked","legacy-local-untracked","unverified-no-repo-license","quarantine_pending_attestation","false","Byte hash recorded; direct transfer is blocked until ownership is attested."
"legacy-cad-2026-07-23","crates/cad-io/tests/fixtures/dxf_spline_source_fields.dxf","cad_fixture","658","30e7e5a4e61f145797e1e35332d5f44dcfc37034d6ce67ba2cc8b56784158c90","untracked","legacy-local-untracked","unverified-no-repo-license","quarantine_pending_attestation","false","Byte hash recorded; direct transfer is blocked until ownership is attested."
"legacy-cad-2026-07-23","crates/cad-io/tests/fixtures/dxf_viewport_source_fields.dxf","cad_fixture","618","0aef950e5a88d2a5f997facad710abc42071b79334cb0113f1effcedf067a48d","untracked","legacy-local-untracked","unverified-no-repo-license","quarantine_pending_attestation","false","Byte hash recorded; direct transfer is blocked until ownership is attested."
"legacy-cad-2026-07-23","crates/cad-io/tests/fixtures/live_simple_line.dxf","cad_fixture","268","1a6222bff76d8a038211a16697bb8fee2b039f02e56ed377177defc9f0077a08","tracked_clean","legacy-git-history","unverified-no-repo-license","quarantine_pending_attestation","false","Byte hash recorded; direct transfer is blocked until ownership is attested."
"legacy-cad-2026-07-23","crates/cad-io/tests/native_bytes_reader_tests.rs","test","3110","42715be7c088eacc979afd1d6e01307fa57fba9677a4f4496c961864342c28d2","untracked","legacy-local-untracked","unverified-no-repo-license","reexpress_behavior","false","Legacy adapter context includes acadrust 0.4.0; do not port implementation."
"legacy-cad-2026-07-23","crates/cad-re/Cargo.toml","metadata","384","c7e59c3016188810d2370fe83efcf637c99eefcb42ffe83590d771edf24dfedc","untracked","legacy-local-untracked","unverified-no-repo-license","reference_only","false","No direct transfer approved by M1."
"legacy-cad-2026-07-23","crates/cad-re/src/corpus.rs","production_code","11454","ac4abf6409d57bc7c4b8ab644c8b5fab0121919176adb51cfe12b169a6cefe26","untracked","legacy-local-untracked","unverified-no-repo-license","rewrite_clean_room","false","Use behavior and public specifications only; no line-by-line translation."
"legacy-cad-2026-07-23","crates/cad-re/src/corpus_manifest.rs","production_code","3618","6920b52b2927cb4377f01cd6bc0ebd1ddb6fc0d1a5dfa9770e7b90b2818bdead","untracked","legacy-local-untracked","unverified-no-repo-license","rewrite_clean_room","false","Use behavior and public specifications only; no line-by-line translation."
"legacy-cad-2026-07-23","crates/cad-re/src/corpus_path.rs","production_code","2523","192d04e59e5825bbe368c4023e1078b612a1e86a211ea55b243373710367c7d0","untracked","legacy-local-untracked","unverified-no-repo-license","rewrite_clean_room","false","Use behavior and public specifications only; no line-by-line translation."
"legacy-cad-2026-07-23","crates/cad-re/src/corpus_provenance.rs","production_code","2424","d6b77fef0da609f3316888d6a11acba55801ee41f6007f80c15a7dafe4ae3f81","untracked","legacy-local-untracked","unverified-no-repo-license","rewrite_clean_room","false","Use behavior and public specifications only; no line-by-line translation."
"legacy-cad-2026-07-23","crates/cad-re/src/dxf_adapter_evidence.rs","production_code","18124","dee666a0f44bfd5627e55fda71c431edee9bef19e80f94edca5b1668f1e45596","untracked","legacy-local-untracked","unverified-no-repo-license","rewrite_clean_room","false","Use behavior and public specifications only; no line-by-line translation."
"legacy-cad-2026-07-23","crates/cad-re/src/dxf_adapter_source_fields.rs","production_code","1816","079d99b60cd8568e0b9ca2a9201c6bc89f91d11106aa5fdd3ecaa1b892fef396","untracked","legacy-local-untracked","unverified-no-repo-license","rewrite_clean_room","false","Use behavior and public specifications only; no line-by-line translation."
"legacy-cad-2026-07-23","crates/cad-re/src/dxf_ascii_evidence.rs","production_code","8488","9ace042e1c7080cdc7ca8e1cfe55ddec063bf309c0910f7bde9241867d4584da","untracked","legacy-local-untracked","unverified-no-repo-license","rewrite_clean_room","false","Use behavior and public specifications only; no line-by-line translation."
"legacy-cad-2026-07-23","crates/cad-re/src/dxf_attdef_source.rs","production_code","8430","6972eec92b2eac3cd49ea462db30b8e2849ab3eaf9623a25e6da1f7b716a2c7c","untracked","legacy-local-untracked","unverified-no-repo-license","rewrite_clean_room","false","Use behavior and public specifications only; no line-by-line translation."
"legacy-cad-2026-07-23","crates/cad-re/src/dxf_binary_gate.rs","production_code","14627","fdd91f50d5bba39de7eff559469ab771726767c2d1855c89edc65edd74b2aa3b","untracked","legacy-local-untracked","unverified-no-repo-license","rewrite_clean_room","false","Use behavior and public specifications only; no line-by-line translation."
"legacy-cad-2026-07-23","crates/cad-re/src/dxf_binary_gate_output.rs","production_code","2632","420a331acc466b14ff0a331d8755fd573e072a65de2912143507276d4e9af1ab","untracked","legacy-local-untracked","unverified-no-repo-license","rewrite_clean_room","false","Use behavior and public specifications only; no line-by-line translation."
"legacy-cad-2026-07-23","crates/cad-re/src/dxf_binary_gate_support.rs","production_code","13836","2719281aa52e97d30b9e37d4b326cb199d2a501464a1f13d267147a7a4967607","untracked","legacy-local-untracked","unverified-no-repo-license","rewrite_clean_room","false","Use behavior and public specifications only; no line-by-line translation."
"legacy-cad-2026-07-23","crates/cad-re/src/dxf_binary_gate_tests.rs","production_code","3354","38bb98a90bdfb121f061d5035536ee57c947e30f201112c17ec52359d73c052b","untracked","legacy-local-untracked","unverified-no-repo-license","rewrite_clean_room","false","Use behavior and public specifications only; no line-by-line translation."
"legacy-cad-2026-07-23","crates/cad-re/src/dxf_binary_gate_validation.rs","production_code","1024","afa10eb1d30248a31130aa2958e4edbffc4e839b3e3d42007f739d6e074f0961","untracked","legacy-local-untracked","unverified-no-repo-license","rewrite_clean_room","false","Use behavior and public specifications only; no line-by-line translation."
"legacy-cad-2026-07-23","crates/cad-re/src/dxf_binary_session_evidence.rs","production_code","13972","52ff36e8b67569d4c9aa09d978e93698ae1a8527c1e0b61da82d1c995795b713","untracked","legacy-local-untracked","unverified-no-repo-license","rewrite_clean_room","false","Use behavior and public specifications only; no line-by-line translation."
"legacy-cad-2026-07-23","crates/cad-re/src/dxf_binary_session_output.rs","production_code","1280","7cf34a62972a609e733cd814783f70a80581434f739d6727ca0c1b33950d9bc0","untracked","legacy-local-untracked","unverified-no-repo-license","rewrite_clean_room","false","Use behavior and public specifications only; no line-by-line translation."
"legacy-cad-2026-07-23","crates/cad-re/src/dxf_binary_session_types.rs","production_code","2356","62f8a7db7fcce321add96227d58cce0254db8e8852b457842c63aaa6997ffdf2","untracked","legacy-local-untracked","unverified-no-repo-license","rewrite_clean_room","false","Use behavior and public specifications only; no line-by-line translation."
"legacy-cad-2026-07-23","crates/cad-re/src/dxf_binary_source_id_mapping.rs","production_code","6277","61e29c53dfae03831f13370789efa6e2e49cd913db955d73dbb1ce8f7e6fca88","untracked","legacy-local-untracked","unverified-no-repo-license","rewrite_clean_room","false","Use behavior and public specifications only; no line-by-line translation."
"legacy-cad-2026-07-23","crates/cad-re/src/dxf_block_insert_semantics_evidence.rs","production_code","15666","efe74f06293fda4fea57ccb37f047d8bbfa0916f679958f98304431c5e0345fe","untracked","legacy-local-untracked","unverified-no-repo-license","rewrite_clean_room","false","Use behavior and public specifications only; no line-by-line translation."
"legacy-cad-2026-07-23","crates/cad-re/src/dxf_block_insert_semantics_output.rs","production_code","1303","3f67760db9329b5dd0377152a4c89c57196f62cc7fb3a313d54504e1c616f25e","untracked","legacy-local-untracked","unverified-no-repo-license","rewrite_clean_room","false","Use behavior and public specifications only; no line-by-line translation."
"legacy-cad-2026-07-23","crates/cad-re/src/dxf_block_placement_accounting.rs","production_code","3262","8c4e5ced6edb1d8b09a167020207b532b767c1fdfc9a341aa21872f4ee422a0c","untracked","legacy-local-untracked","unverified-no-repo-license","rewrite_clean_room","false","Use behavior and public specifications only; no line-by-line translation."
"legacy-cad-2026-07-23","crates/cad-re/src/dxf_block_placement_evidence.rs","production_code","12746","5affdb27660bc4e6ff5dc65ab5d24996aa01431ce41bff1aa1efb02f0aa5fbb0","untracked","legacy-local-untracked","unverified-no-repo-license","rewrite_clean_room","false","Use behavior and public specifications only; no line-by-line translation."
"legacy-cad-2026-07-23","crates/cad-re/src/dxf_block_placement_output.rs","production_code","2537","fa31152751047787223578f946b38b5f7d70bb1e03f15656bb625f4f855dda2f","untracked","legacy-local-untracked","unverified-no-repo-license","rewrite_clean_room","false","Use behavior and public specifications only; no line-by-line translation."
"legacy-cad-2026-07-23","crates/cad-re/src/dxf_block_record_topology.rs","production_code","3121","17e47c954756142c6aec3df1a67672e67aa6a9b45d0fa711ba638338fa98ba0a","untracked","legacy-local-untracked","unverified-no-repo-license","rewrite_clean_room","false","Use behavior and public specifications only; no line-by-line translation."
"legacy-cad-2026-07-23","crates/cad-re/src/dxf_coverage.rs","production_code","19364","ac7625473ae325d7994a744462afc9eb017d5fbc38ecc05a43e141df378c2f21","untracked","legacy-local-untracked","unverified-no-repo-license","rewrite_clean_room","false","Use behavior and public specifications only; no line-by-line translation."
"legacy-cad-2026-07-23","crates/cad-re/src/dxf_coverage_inventory.rs","production_code","1667","f00ca3094b0f243d89c1474c849f3b95c7b50fc57e2c40ff010cf76551d09c91","untracked","legacy-local-untracked","unverified-no-repo-license","rewrite_clean_room","false","Use behavior and public specifications only; no line-by-line translation."
"legacy-cad-2026-07-23","crates/cad-re/src/dxf_coverage_matrix.rs","production_code","6772","52da9277d56210d005170f6d559f7736db9666f441d326804bfb57c1733cb123","untracked","legacy-local-untracked","unverified-no-repo-license","rewrite_clean_room","false","Use behavior and public specifications only; no line-by-line translation."
"legacy-cad-2026-07-23","crates/cad-re/src/dxf_coverage_output.rs","production_code","1054","8b5d23e377775ac3dd8fb00f0f158d489e321221f6b61a9d1360909de65ca8aa","untracked","legacy-local-untracked","unverified-no-repo-license","rewrite_clean_room","false","Use behavior and public specifications only; no line-by-line translation."
"legacy-cad-2026-07-23","crates/cad-re/src/dxf_curved_geometry_evidence.rs","production_code","12355","ec7dc0fa8ed81a525ca4d757b2078e6d62842f05dd079bf0263e7315a099ea6a","untracked","legacy-local-untracked","unverified-no-repo-license","rewrite_clean_room","false","Use behavior and public specifications only; no line-by-line translation."
"legacy-cad-2026-07-23","crates/cad-re/src/dxf_curved_geometry_output.rs","production_code","2644","ae1d8e7772f2aaef21c5f43ac068772488d72fbdad3348dc589143fd2381c967","untracked","legacy-local-untracked","unverified-no-repo-license","rewrite_clean_room","false","Use behavior and public specifications only; no line-by-line translation."
"legacy-cad-2026-07-23","crates/cad-re/src/dxf_dictionary_topology.rs","production_code","2044","4688e8229dd9113932f8253005b5b4ab6bd29a58428bf088e6208c2b141ee728","untracked","legacy-local-untracked","unverified-no-repo-license","rewrite_clean_room","false","Use behavior and public specifications only; no line-by-line translation."
"legacy-cad-2026-07-23","crates/cad-re/src/dxf_dimension_source.rs","production_code","6783","2741c0e13b0f5aef48c7d5fdd083fbd32c37c2b551ec61f9772e99b0b129544c","untracked","legacy-local-untracked","unverified-no-repo-license","rewrite_clean_room","false","Use behavior and public specifications only; no line-by-line translation."
"legacy-cad-2026-07-23","crates/cad-re/src/dxf_document_structure.rs","production_code","10828","7b579fa48f009ff7676e12a1d8b45760f5ecf6ea16ceb8524ffa250a74dae643","untracked","legacy-local-untracked","unverified-no-repo-license","rewrite_clean_room","false","Use behavior and public specifications only; no line-by-line translation."
"legacy-cad-2026-07-23","crates/cad-re/src/dxf_entity_coverage_gaps.rs","production_code","8446","f67783380d88f06ef74fd4e5b1284cd58aa830583f212bed1e6b349a8d73a85a","untracked","legacy-local-untracked","unverified-no-repo-license","rewrite_clean_room","false","Use behavior and public specifications only; no line-by-line translation."
"legacy-cad-2026-07-23","crates/cad-re/src/dxf_entity_gap_classification.rs","production_code","12709","ac67a5c7c427a9a8730c711671f1846e618d30a166cac89a8e1fc11ec08abb31","untracked","legacy-local-untracked","unverified-no-repo-license","rewrite_clean_room","false","Use behavior and public specifications only; no line-by-line translation."
"legacy-cad-2026-07-23","crates/cad-re/src/dxf_evidence.rs","production_code","19156","2a3354fd14060919f57a164c8cfee845be5ac049df751c5c6836882ba7030219","untracked","legacy-local-untracked","unverified-no-repo-license","rewrite_clean_room","false","Use behavior and public specifications only; no line-by-line translation."
"legacy-cad-2026-07-23","crates/cad-re/src/dxf_evidence_basic_output.rs","production_code","1470","3729ad8ddee78002a7908560049d4823880055175af5faee47f9bdfcf1dc8dad","untracked","legacy-local-untracked","unverified-no-repo-license","rewrite_clean_room","false","Use behavior and public specifications only; no line-by-line translation."
"legacy-cad-2026-07-23","crates/cad-re/src/dxf_evidence_exports.rs","production_code","4777","84ed4feb6d4e134163ca14e875ae94de1eacfee98d71680f8f56121057563c72","untracked","legacy-local-untracked","unverified-no-repo-license","rewrite_clean_room","false","Use behavior and public specifications only; no line-by-line translation."
"legacy-cad-2026-07-23","crates/cad-re/src/dxf_evidence_gate.rs","production_code","6606","b5ebad6281e66ffe1cc95c79f0ef9e1b9bc14eaf219426108d4466a6b79440e0","untracked","legacy-local-untracked","unverified-no-repo-license","rewrite_clean_room","false","Use behavior and public specifications only; no line-by-line translation."
"legacy-cad-2026-07-23","crates/cad-re/src/dxf_evidence_output.rs","production_code","16443","affc2513b1666fc5e929627a0e49b721d4dca201d3e91fa0d056d3f210a6b4c6","untracked","legacy-local-untracked","unverified-no-repo-license","rewrite_clean_room","false","Use behavior and public specifications only; no line-by-line translation."
"legacy-cad-2026-07-23","crates/cad-re/src/dxf_evidence_pointer.rs","production_code","6017","c23bce234a97dbe137f3dd0c66e3e8431bbe7a45352da4cf11ef07da5efd36b9","untracked","legacy-local-untracked","unverified-no-repo-license","rewrite_clean_room","false","Use behavior and public specifications only; no line-by-line translation."
"legacy-cad-2026-07-23","crates/cad-re/src/dxf_evidence_report.rs","production_code","10547","c9e45a152e1be389754ae7984db59706836b8f1be10f00e47004ef073e522c93","untracked","legacy-local-untracked","unverified-no-repo-license","rewrite_clean_room","false","Use behavior and public specifications only; no line-by-line translation."
"legacy-cad-2026-07-23","crates/cad-re/src/dxf_evidence_rows.rs","production_code","1334","e44899d46e8426ce5a11f269698de02c4105b7358f44574d7f911e81844ae9e2","untracked","legacy-local-untracked","unverified-no-repo-license","rewrite_clean_room","false","Use behavior and public specifications only; no line-by-line translation."
"legacy-cad-2026-07-23","crates/cad-re/src/dxf_evidence_scan.rs","production_code","19972","478720190a40851ef6407e77b9f205eca6e432250cad34c6d94f5fe58bf130ac","untracked","legacy-local-untracked","unverified-no-repo-license","rewrite_clean_room","false","Use behavior and public specifications only; no line-by-line translation."
"legacy-cad-2026-07-23","crates/cad-re/src/dxf_evidence_support.rs","production_code","12157","222df16f055fa30d216cee711e2856417150aec80aab3440abc8e324fa540a36","untracked","legacy-local-untracked","unverified-no-repo-license","rewrite_clean_room","false","Use behavior and public specifications only; no line-by-line translation."
"legacy-cad-2026-07-23","crates/cad-re/src/dxf_evidence_types.rs","production_code","18075","0f92fa9671bb24e6b7a972a98edd4b38d25f9a070b3cffd68c31e67302f265a2","untracked","legacy-local-untracked","unverified-no-repo-license","rewrite_clean_room","false","Use behavior and public specifications only; no line-by-line translation."
"legacy-cad-2026-07-23","crates/cad-re/src/dxf_extension_dictionary_topology.rs","production_code","1388","904efc6e9edb29cc8fe81c5898ae1d0d23872a7b7fed02316646e2ceb1baf0ff","untracked","legacy-local-untracked","unverified-no-repo-license","rewrite_clean_room","false","Use behavior and public specifications only; no line-by-line translation."
"legacy-cad-2026-07-23","crates/cad-re/src/dxf_fixture_intake_queue.rs","production_code","2223","f7769d3650459cc0ad449d6f11bc71594ff63ec2e2587910df63d93745c449ff","untracked","legacy-local-untracked","unverified-no-repo-license","rewrite_clean_room","false","Use behavior and public specifications only; no line-by-line translation."
"legacy-cad-2026-07-23","crates/cad-re/src/dxf_handle_reference_kind.rs","production_code","2328","013c9f2f21731e46dcbd3cf9159d256dcb07ea767deaacbc44184c45e15e9562","untracked","legacy-local-untracked","unverified-no-repo-license","rewrite_clean_room","false","Use behavior and public specifications only; no line-by-line translation."
"legacy-cad-2026-07-23","crates/cad-re/src/dxf_handle_topology_evidence.rs","production_code","11442","fd1ce2f13346e1c91a28a162687ea12248f4f54ac300f3134b7f3e8308dd2066","untracked","legacy-local-untracked","unverified-no-repo-license","rewrite_clean_room","false","Use behavior and public specifications only; no line-by-line translation."
"legacy-cad-2026-07-23","crates/cad-re/src/dxf_layout_topology.rs","production_code","2087","01ac1e176441f936ae785f53dc0462a180f2705d9e21666805b443a3101ba4cf","untracked","legacy-local-untracked","unverified-no-repo-license","rewrite_clean_room","false","Use behavior and public specifications only; no line-by-line translation."
"legacy-cad-2026-07-23","crates/cad-re/src/dxf_leader_source.rs","production_code","6288","fcea1e42d0e2bf24e2644114cc0ca1721ede88126360b50cf48f57b7ab656b66","untracked","legacy-local-untracked","unverified-no-repo-license","rewrite_clean_room","false","Use behavior and public specifications only; no line-by-line translation."
"legacy-cad-2026-07-23","crates/cad-re/src/dxf_linear_geometry_evidence.rs","production_code","10253","709f9f584791d3026c782b9c67355ad58368a6b865745d9ce513a54a2afcab9b","untracked","legacy-local-untracked","unverified-no-repo-license","rewrite_clean_room","false","Use behavior and public specifications only; no line-by-line translation."
"legacy-cad-2026-07-23","crates/cad-re/src/dxf_linear_geometry_output.rs","production_code","2258","913db109628a871baec37970ae6024a98ed5c5a913bf694fdccc684e4ea46839","untracked","legacy-local-untracked","unverified-no-repo-license","rewrite_clean_room","false","Use behavior and public specifications only; no line-by-line translation."
"legacy-cad-2026-07-23","crates/cad-re/src/dxf_lwpolyline_evidence.rs","production_code","12118","986efbc6e3b5c59da4468b0c73f694268adb50b3547cb702a234c1905528bb2c","untracked","legacy-local-untracked","unverified-no-repo-license","rewrite_clean_room","false","Use behavior and public specifications only; no line-by-line translation."
"legacy-cad-2026-07-23","crates/cad-re/src/dxf_lwpolyline_output.rs","production_code","2219","16fd42f63f57d81a3decf166b82749dd7113b89a8a226bd2e9e5385161843894","untracked","legacy-local-untracked","unverified-no-repo-license","rewrite_clean_room","false","Use behavior and public specifications only; no line-by-line translation."
"legacy-cad-2026-07-23","crates/cad-re/src/dxf_mleader_source.rs","production_code","6093","636042b9c6bc302f2e35ff979cec775a97a2f089cbfdebe46dde4d77f9b6d3fc","untracked","legacy-local-untracked","unverified-no-repo-license","rewrite_clean_room","false","Use behavior and public specifications only; no line-by-line translation."
"legacy-cad-2026-07-23","crates/cad-re/src/dxf_mline_source.rs","production_code","5971","8d938efde4409014e787e705d36f2bdfcd1711bac937b94c0ec123fa06463e65","untracked","legacy-local-untracked","unverified-no-repo-license","rewrite_clean_room","false","Use behavior and public specifications only; no line-by-line translation."
"legacy-cad-2026-07-23","crates/cad-re/src/dxf_native_curved_evidence.rs","production_code","8736","6f8ca1bc34056f2ddb137204cfd4ee0719cc6c9070cf356fb30561579b01f332","untracked","legacy-local-untracked","unverified-no-repo-license","rewrite_clean_room","false","Use behavior and public specifications only; no line-by-line translation."
"legacy-cad-2026-07-23","crates/cad-re/src/dxf_native_curved_output.rs","production_code","1763","3e60985112696a80236a391dc06f1db44561ce20e7d804c4637efdfd76e076f9","untracked","legacy-local-untracked","unverified-no-repo-license","rewrite_clean_room","false","Use behavior and public specifications only; no line-by-line translation."
"legacy-cad-2026-07-23","crates/cad-re/src/dxf_native_face_evidence.rs","production_code","12216","356cb7e35a7a24fef4a236ededd43cc079fd89d10958296074925ca5132d76a1","untracked","legacy-local-untracked","unverified-no-repo-license","rewrite_clean_room","false","Use behavior and public specifications only; no line-by-line translation."
"legacy-cad-2026-07-23","crates/cad-re/src/dxf_native_insert_accounting.rs","production_code","13215","04d7ef06d858286d34370c11314cdbebdd2a87f1d2dab0732a5d98e3811b3bcc","untracked","legacy-local-untracked","unverified-no-repo-license","rewrite_clean_room","false","Use behavior and public specifications only; no line-by-line translation."
"legacy-cad-2026-07-23","crates/cad-re/src/dxf_native_insert_evidence.rs","production_code","12741","b132cc26aa60baf45b21108b217b2f2ff0900f300d8933d5c9ba2d24aa85ede9","untracked","legacy-local-untracked","unverified-no-repo-license","rewrite_clean_room","false","Use behavior and public specifications only; no line-by-line translation."
"legacy-cad-2026-07-23","crates/cad-re/src/dxf_native_insert_output.rs","production_code","5069","aafbaaa3d85b0aca6b201fba219d93d694725a3d4ca3c1c10e0398ae6fc8ffde","untracked","legacy-local-untracked","unverified-no-repo-license","rewrite_clean_room","false","Use behavior and public specifications only; no line-by-line translation."
"legacy-cad-2026-07-23","crates/cad-re/src/dxf_native_linear_evidence.rs","production_code","8736","9bc9aa48da1f8494bcc85cecff2f034b4bfc2be6640727adc67ae1fc1fbaff52","untracked","legacy-local-untracked","unverified-no-repo-license","rewrite_clean_room","false","Use behavior and public specifications only; no line-by-line translation."
"legacy-cad-2026-07-23","crates/cad-re/src/dxf_native_linear_output.rs","production_code","1763","71620d34ff18744ea2664dc9c9b728cd54f4b343a948f24248fd0cd626b33923","untracked","legacy-local-untracked","unverified-no-repo-license","rewrite_clean_room","false","Use behavior and public specifications only; no line-by-line translation."
"legacy-cad-2026-07-23","crates/cad-re/src/dxf_native_lwpolyline_evidence.rs","production_code","8840","a3265c5d31acc00faa07b0acd537ddc8c4aae32a551b8f49d66e25574d4b3cbb","untracked","legacy-local-untracked","unverified-no-repo-license","rewrite_clean_room","false","Use behavior and public specifications only; no line-by-line translation."
"legacy-cad-2026-07-23","crates/cad-re/src/dxf_native_lwpolyline_output.rs","production_code","1806","9ae73b28136931700d8222ac608a64ad34aac84610150ded7604a4b4e1547b24","untracked","legacy-local-untracked","unverified-no-repo-license","rewrite_clean_room","false","Use behavior and public specifications only; no line-by-line translation."
"legacy-cad-2026-07-23","crates/cad-re/src/dxf_native_mesh_evidence.rs","production_code","14137","09a3154c26aeaece16e3c169bfb0ebde7200f14cd62710286d1ce31fb3375901","untracked","legacy-local-untracked","unverified-no-repo-license","rewrite_clean_room","false","Use behavior and public specifications only; no line-by-line translation."
"legacy-cad-2026-07-23","crates/cad-re/src/dxf_native_polyline_evidence.rs","production_code","11115","3dd84aec36567f94f53341b1b6bf04f525f54411489e4e701f2f486a69a18f0d","untracked","legacy-local-untracked","unverified-no-repo-license","rewrite_clean_room","false","Use behavior and public specifications only; no line-by-line translation."
"legacy-cad-2026-07-23","crates/cad-re/src/dxf_native_polyline_output.rs","production_code","2248","815c4bfbb09027588f20b529399f04a6d0f5ee4fcc630d9aa13768ecc45f9c39","untracked","legacy-local-untracked","unverified-no-repo-license","rewrite_clean_room","false","Use behavior and public specifications only; no line-by-line translation."
"legacy-cad-2026-07-23","crates/cad-re/src/dxf_native_recording.rs","production_code","3629","7456544298046198a91c78a9433cdd9e0d93987cf1dfa8da4ff9d27f68362c96","untracked","legacy-local-untracked","unverified-no-repo-license","rewrite_clean_room","false","Use behavior and public specifications only; no line-by-line translation."
"legacy-cad-2026-07-23","crates/cad-re/src/dxf_native_spline_evidence.rs","production_code","14007","81ec954d16f6bd8c20e62164cdb069c6c89c9adcc35f2b2e8d1a274270803a93","untracked","legacy-local-untracked","unverified-no-repo-license","rewrite_clean_room","false","Use behavior and public specifications only; no line-by-line translation."
"legacy-cad-2026-07-23","crates/cad-re/src/dxf_native_spline_output.rs","production_code","2291","71217949d7524394cce68a5a437c2b75a5984ba5e91100e5928c63b37fd8af06","untracked","legacy-local-untracked","unverified-no-repo-license","rewrite_clean_room","false","Use behavior and public specifications only; no line-by-line translation."
"legacy-cad-2026-07-23","crates/cad-re/src/dxf_native_surface_output.rs","production_code","4924","feaa1923709a224d7fd3e448dd1235e20dabf901f7cc3bac25a379f914092e02","untracked","legacy-local-untracked","unverified-no-repo-license","rewrite_clean_room","false","Use behavior and public specifications only; no line-by-line translation."
"legacy-cad-2026-07-23","crates/cad-re/src/dxf_native_text_accounting.rs","production_code","19255","7a80d5edc3d179ad210a5dd21bdc411cdb963228b807bb4d541231ba1b7c8419","untracked","legacy-local-untracked","unverified-no-repo-license","rewrite_clean_room","false","Use behavior and public specifications only; no line-by-line translation."
"legacy-cad-2026-07-23","crates/cad-re/src/dxf_native_text_evidence.rs","production_code","10362","b413dc458bebfc396caaba636a4daf2c19ec3cb249424152ccc3786a0a18bd42","untracked","legacy-local-untracked","unverified-no-repo-license","rewrite_clean_room","false","Use behavior and public specifications only; no line-by-line translation."
"legacy-cad-2026-07-23","crates/cad-re/src/dxf_native_text_output.rs","production_code","4225","3d0657ff2106e05761130d82690e042e463ed3dafa3f2e40216fcac5f477d5b4","untracked","legacy-local-untracked","unverified-no-repo-license","rewrite_clean_room","false","Use behavior and public specifications only; no line-by-line translation."
"legacy-cad-2026-07-23","crates/cad-re/src/dxf_object_semantics_evidence.rs","production_code","16217","cb8106346ea181a35e21c150798536d089789a272139ebdfd863d2820b9d4284","untracked","legacy-local-untracked","unverified-no-repo-license","rewrite_clean_room","false","Use behavior and public specifications only; no line-by-line translation."
"legacy-cad-2026-07-23","crates/cad-re/src/dxf_polyline_evidence.rs","production_code","15825","d7662a7d7d13aad50a106bbed49b9752bbdd101397e1c84c6d341e77cbe2a212","untracked","legacy-local-untracked","unverified-no-repo-license","rewrite_clean_room","false","Use behavior and public specifications only; no line-by-line translation."
"legacy-cad-2026-07-23","crates/cad-re/src/dxf_polyline_output.rs","production_code","2511","127d2ca1f57da87bf99160bc5cf251f98e22f2bed8b4175cf292c616e39b698c","untracked","legacy-local-untracked","unverified-no-repo-license","rewrite_clean_room","false","Use behavior and public specifications only; no line-by-line translation."
"legacy-cad-2026-07-23","crates/cad-re/src/dxf_raw_file_scan.rs","production_code","11134","cbd8d7f694b38fec5c064b51e8b5f07e696b004753f5b78e60ee8feff606b71f","untracked","legacy-local-untracked","unverified-no-repo-license","rewrite_clean_room","false","Use behavior and public specifications only; no line-by-line translation."
"legacy-cad-2026-07-23","crates/cad-re/src/dxf_reactor_topology.rs","production_code","1279","7e3ccdfd0e7ae73faa1267a4563e73ffc6b7b00bde8818d4d903bcf1d37a9d31","untracked","legacy-local-untracked","unverified-no-repo-license","rewrite_clean_room","false","Use behavior and public specifications only; no line-by-line translation."
"legacy-cad-2026-07-23","crates/cad-re/src/dxf_sortents_topology.rs","production_code","2234","7dd1d1c2858a14ff0b9cd3768d42a293575a983974796bb3c760574c722e944f","untracked","legacy-local-untracked","unverified-no-repo-license","rewrite_clean_room","false","Use behavior and public specifications only; no line-by-line translation."
"legacy-cad-2026-07-23","crates/cad-re/src/dxf_source_feature_collect.rs","production_code","14801","c5a25ce6b1288d5f90de1e4fe9f623f8c3d41b3dc18ed6da2e44a558f1ea9d08","untracked","legacy-local-untracked","unverified-no-repo-license","rewrite_clean_room","false","Use behavior and public specifications only; no line-by-line translation."
"legacy-cad-2026-07-23","crates/cad-re/src/dxf_source_feature_evidence.rs","production_code","7755","43cf81f5f001d272ca6b98edeebd880d9ea5af64b2aa9ff9624041a5d8174e26","untracked","legacy-local-untracked","unverified-no-repo-license","rewrite_clean_room","false","Use behavior and public specifications only; no line-by-line translation."
"legacy-cad-2026-07-23","crates/cad-re/src/dxf_source_feature_types.rs","production_code","4749","e12ff3606c8367169647dacf987aaf2adfdc5adfe31adfc9c6a3811f7039cbd2","untracked","legacy-local-untracked","unverified-no-repo-license","rewrite_clean_room","false","Use behavior and public specifications only; no line-by-line translation."
"legacy-cad-2026-07-23","crates/cad-re/src/dxf_source_feature_validation.rs","production_code","5742","ba2914b9ea0507161dd04043b68686812fef9d03f5487c63ba92274a17a74d42","untracked","legacy-local-untracked","unverified-no-repo-license","rewrite_clean_room","false","Use behavior and public specifications only; no line-by-line translation."
"legacy-cad-2026-07-23","crates/cad-re/src/dxf_source_features.rs","production_code","16718","4980e4b1c44f223551ca8a81a328c7479197493942e010f8341430a87a218c40","untracked","legacy-local-untracked","unverified-no-repo-license","rewrite_clean_room","false","Use behavior and public specifications only; no line-by-line translation."
"legacy-cad-2026-07-23","crates/cad-re/src/dxf_source_field_output.rs","production_code","5216","82894b187b4867b8b5a4b1a4f82d8b46fd8d8a0d47d25241f391c7476f441a71","untracked","legacy-local-untracked","unverified-no-repo-license","rewrite_clean_room","false","Use behavior and public specifications only; no line-by-line translation."
"legacy-cad-2026-07-23","crates/cad-re/src/dxf_source_field_support.rs","production_code","8647","43fea6ac30b8ff51098e326a933656a240c6e91606a4faed85a65db7d032c533","untracked","legacy-local-untracked","unverified-no-repo-license","rewrite_clean_room","false","Use behavior and public specifications only; no line-by-line translation."
"legacy-cad-2026-07-23","crates/cad-re/src/dxf_source_map_evidence.rs","production_code","14153","49b53e0d919382d2f94c6172899acabc398257dbe8bd78abf8de53db4952fc4e","untracked","legacy-local-untracked","unverified-no-repo-license","rewrite_clean_room","false","Use behavior and public specifications only; no line-by-line translation."
"legacy-cad-2026-07-23","crates/cad-re/src/dxf_spec_coverage_output.rs","production_code","17878","d505785923a5b446ba60d53f64f6ab5e3520dc80c1ae26893dd95a7e137264e6","untracked","legacy-local-untracked","unverified-no-repo-license","rewrite_clean_room","false","Use behavior and public specifications only; no line-by-line translation."
"legacy-cad-2026-07-23","crates/cad-re/src/dxf_spec_coverage_status.rs","production_code","4136","b72c026095622db4bdfb1d2743f08a62f7bae8a0d12fd6b7d2a8f0c9a82c694e","untracked","legacy-local-untracked","unverified-no-repo-license","rewrite_clean_room","false","Use behavior and public specifications only; no line-by-line translation."
"legacy-cad-2026-07-23","crates/cad-re/src/dxf_standard_reference_evidence.rs","production_code","7234","253991592f541ba0b315f91cbef5c3c1ab5c7afa2d890b7b4334f6f9d297079b","untracked","legacy-local-untracked","unverified-no-repo-license","rewrite_clean_room","false","Use behavior and public specifications only; no line-by-line translation."
"legacy-cad-2026-07-23","crates/cad-re/src/dxf_standard_reference_output.rs","production_code","1359","abb60d54488ec20fbbd9e144b022039992744cca9e73b89e5782965fdf5277c5","untracked","legacy-local-untracked","unverified-no-repo-license","rewrite_clean_room","false","Use behavior and public specifications only; no line-by-line translation."
"legacy-cad-2026-07-23","crates/cad-re/src/dxf_static_inventory_candidates.rs","production_code","6213","5e2c864d37c983f79a463a2688c3443e19189a887273e8a74473c31f6914e0cc","untracked","legacy-local-untracked","unverified-no-repo-license","rewrite_clean_room","false","Use behavior and public specifications only; no line-by-line translation."
"legacy-cad-2026-07-23","crates/cad-re/src/dxf_style_reference_topology.rs","production_code","3218","6cb5ac880e273926d9fff5ca8ccc8d0c18b9fbde3bbfd22a134e4d5e7e5fb22f","untracked","legacy-local-untracked","unverified-no-repo-license","rewrite_clean_room","false","Use behavior and public specifications only; no line-by-line translation."
"legacy-cad-2026-07-23","crates/cad-re/src/dxf_topology_policy.rs","production_code","4975","be654ddb41d0ae36459a46180c3b90237a6ce837df191f83d971dcd811ce68ed","untracked","legacy-local-untracked","unverified-no-repo-license","rewrite_clean_room","false","Use behavior and public specifications only; no line-by-line translation."
"legacy-cad-2026-07-23","crates/cad-re/src/dxf_topology_promotion_blockers.rs","production_code","12648","cc7f25dccb8cff23fd997be45e4d9d01a23e239f681fdf774d542f751b89f03a","untracked","legacy-local-untracked","unverified-no-repo-license","rewrite_clean_room","false","Use behavior and public specifications only; no line-by-line translation."
"legacy-cad-2026-07-23","crates/cad-re/src/dxf_topology_semantics.rs","production_code","1468","5bf4d8333c6c916d59b1b51ef7ae2d2ac7206682f383829cfb67ab961c3c08bb","untracked","legacy-local-untracked","unverified-no-repo-license","rewrite_clean_room","false","Use behavior and public specifications only; no line-by-line translation."
"legacy-cad-2026-07-23","crates/cad-re/src/dxf_topology_types.rs","production_code","4500","f636f96589449ef43b7e8202b0c11487f8684aa647c5a1a6cf996efed9449374","untracked","legacy-local-untracked","unverified-no-repo-license","rewrite_clean_room","false","Use behavior and public specifications only; no line-by-line translation."
"legacy-cad-2026-07-23","crates/cad-re/src/dxf_viewport_source.rs","production_code","6349","cbcfae12fb02a7cabe7822b07dc59974ebd94ed2a819c2b3f8ca8f013fa836c0","untracked","legacy-local-untracked","unverified-no-repo-license","rewrite_clean_room","false","Use behavior and public specifications only; no line-by-line translation."
"legacy-cad-2026-07-23","crates/cad-re/src/evidence_bundle.rs","production_code","12431","55464a5887028725f3f0e6eafc14e6f76301732f1963039d04b135292a8b53fa","untracked","legacy-local-untracked","unverified-no-repo-license","rewrite_clean_room","false","Use behavior and public specifications only; no line-by-line translation."
"legacy-cad-2026-07-23","crates/cad-re/src/evidence_bundle_header.rs","production_code","2962","7bd2ad4c97a6acdb49aa60a5b969d04617d85d37f68a93e37932200282d27036","untracked","legacy-local-untracked","unverified-no-repo-license","rewrite_clean_room","false","Use behavior and public specifications only; no line-by-line translation."
"legacy-cad-2026-07-23","crates/cad-re/src/evidence_bundle_manifest.rs","production_code","2941","a2e64a42b3bba08694c17cd39d27b4cdf0e44a1fe2c34a1bdb85b5ca41726236","untracked","legacy-local-untracked","unverified-no-repo-license","rewrite_clean_room","false","Use behavior and public specifications only; no line-by-line translation."
"legacy-cad-2026-07-23","crates/cad-re/src/evidence_bundle_publish.rs","production_code","1335","b84c1663fba531d485defc5c6ea9842ece385442e6956e4e39a07330dce93760","untracked","legacy-local-untracked","unverified-no-repo-license","rewrite_clean_room","false","Use behavior and public specifications only; no line-by-line translation."
"legacy-cad-2026-07-23","crates/cad-re/src/evidence_bundle_transaction.rs","production_code","8148","a11dc647d5619734b58d097387da6eef1303d7dd6b1b8625fd2e5094cabf0cd2","untracked","legacy-local-untracked","unverified-no-repo-license","rewrite_clean_room","false","Use behavior and public specifications only; no line-by-line translation."
"legacy-cad-2026-07-23","crates/cad-re/src/evidence_bundle_verify.rs","production_code","13720","a6e83982a84983d28a5c0f58a76603c8fd33016ae51b07f221453ef371cd49e6","untracked","legacy-local-untracked","unverified-no-repo-license","rewrite_clean_room","false","Use behavior and public specifications only; no line-by-line translation."
"legacy-cad-2026-07-23","crates/cad-re/src/lib.rs","production_code","3942","d1ae613e99083a08ff6309ca3dc86734f6fae14e12dc0cf43b551d6f63dce609","untracked","legacy-local-untracked","unverified-no-repo-license","rewrite_clean_room","false","Use behavior and public specifications only; no line-by-line translation."
"legacy-cad-2026-07-23","crates/cad-re/src/native_receipt.rs","production_code","13026","bbb837a11f812fea26be8b4fc1a5408aa3e4c6a07594eb51f0f0602f007a2459","untracked","legacy-local-untracked","unverified-no-repo-license","rewrite_clean_room","false","Use behavior and public specifications only; no line-by-line translation."
"legacy-cad-2026-07-23","crates/cad-re/src/native_receipt_types.rs","production_code","3059","ab59d2ed492cc88ca528886058e0e92d8ea2b02cd9cd5e57c6aeb2fc16576f9e","untracked","legacy-local-untracked","unverified-no-repo-license","rewrite_clean_room","false","Use behavior and public specifications only; no line-by-line translation."
"legacy-cad-2026-07-23","crates/cad-re/src/native_receipt_verify.rs","production_code","14816","215ccffcc91342c35b0d4226ebe9f1368623ec25b3651c74c12e9ea470848256","untracked","legacy-local-untracked","unverified-no-repo-license","rewrite_clean_room","false","Use behavior and public specifications only; no line-by-line translation."
"legacy-cad-2026-07-23","crates/cad-re/tests/dxf_binary_gate_tests.rs","test","7502","e478b799284df3cd6c2e97f77d08f822f976714dac8de408ec5b6d5f31a051c9","untracked","legacy-local-untracked","unverified-no-repo-license","reexpress_behavior","false","Re-express the requirement in a new SeaCad-authored test."
"legacy-cad-2026-07-23","crates/cad-re/tests/dxf_block_insert_semantics_evidence_tests.rs","test","3478","3ab3bf7ec888f49267e9bef61d3b1ae5263bdd5d9a342f36f6b9ade4f9f2e0d6","untracked","legacy-local-untracked","unverified-no-repo-license","reexpress_behavior","false","Re-express the requirement in a new SeaCad-authored test."
"legacy-cad-2026-07-23","crates/cad-re/tests/dxf_block_placement_evidence_tests.rs","test","4032","72c9e35e34242aa4ef23149fb987e033e1ac3b7ce055b489a3fb66f3a0938590","untracked","legacy-local-untracked","unverified-no-repo-license","reexpress_behavior","false","Re-express the requirement in a new SeaCad-authored test."
"legacy-cad-2026-07-23","crates/cad-re/tests/dxf_block_record_topology_tests.rs","test","5339","27ae321d880a900639e2f8e5d6de2c5a21099b5f3e72789d461e967dfa7bdc5e","untracked","legacy-local-untracked","unverified-no-repo-license","reexpress_behavior","false","Re-express the requirement in a new SeaCad-authored test."
"legacy-cad-2026-07-23","crates/cad-re/tests/dxf_curved_geometry_evidence_tests.rs","test","3033","44200c081d43325a0c5e5e73da3b494bb3d8842b15bdf7aeedbee1435e687451","untracked","legacy-local-untracked","unverified-no-repo-license","reexpress_behavior","false","Re-express the requirement in a new SeaCad-authored test."
"legacy-cad-2026-07-23","crates/cad-re/tests/dxf_dictionary_topology_tests.rs","test","3408","7bc6b12a1a31d35d13396d0d856c5b4368f76cdd500fc147f05246ec472864bc","untracked","legacy-local-untracked","unverified-no-repo-license","reexpress_behavior","false","Re-express the requirement in a new SeaCad-authored test."
"legacy-cad-2026-07-23","crates/cad-re/tests/dxf_dimension_evidence_tests.rs","test","2135","14f5812df0bfda08a07faaa396b05ab021bdf1e2de9198f9d6da4ea1788decba","untracked","legacy-local-untracked","unverified-no-repo-license","reexpress_behavior","false","Re-express the requirement in a new SeaCad-authored test."
"legacy-cad-2026-07-23","crates/cad-re/tests/dxf_document_structure_evidence_tests.rs","test","2764","abdf04c7a7256af18abe8836b6313306fed5af82a7e902f45082439101f9b01c","untracked","legacy-local-untracked","unverified-no-repo-license","reexpress_behavior","false","Re-express the requirement in a new SeaCad-authored test."
"legacy-cad-2026-07-23","crates/cad-re/tests/dxf_document_structure_gate_tests.rs","test","1509","c31f50b53645cd8e7e0545f90c0e3c7769b4ca7e8d909c5065ce299c0ceec602","untracked","legacy-local-untracked","unverified-no-repo-license","reexpress_behavior","false","Re-express the requirement in a new SeaCad-authored test."
"legacy-cad-2026-07-23","crates/cad-re/tests/dxf_evidence_tests.rs","test","94391","50d3e1c41afea25925de4efbfe3ef1e36ec8a4415afbfdf2b1f978ece6bee97a","untracked","legacy-local-untracked","unverified-no-repo-license","reexpress_behavior","false","Re-express the requirement in a new SeaCad-authored test."
"legacy-cad-2026-07-23","crates/cad-re/tests/dxf_extension_dictionary_topology_tests.rs","test","3497","0e26f9008fea5da73c7745fa0ec0dc9f04e564ca82bfff3bea3e33bf5c67be86","untracked","legacy-local-untracked","unverified-no-repo-license","reexpress_behavior","false","Re-express the requirement in a new SeaCad-authored test."
"legacy-cad-2026-07-23","crates/cad-re/tests/dxf_face_evidence_tests.rs","test","1422","ed472451f4fdd456301189e4555ee42c8c2be4678a7d271360a639f361803011","untracked","legacy-local-untracked","unverified-no-repo-license","reexpress_behavior","false","Re-express the requirement in a new SeaCad-authored test."
"legacy-cad-2026-07-23","crates/cad-re/tests/dxf_handle_topology_evidence_tests.rs","test","2722","00fd1b5f3fce4f0b02972d1eb46731c12726718be4a162fcdadbb05336af14c2","untracked","legacy-local-untracked","unverified-no-repo-license","reexpress_behavior","false","Re-express the requirement in a new SeaCad-authored test."
"legacy-cad-2026-07-23","crates/cad-re/tests/dxf_infinite_line_evidence_tests.rs","test","1452","9884a0708b09248f3ce5594b06231283a83f4d8ad91b53ceeada1efe9fe5eb7c","untracked","legacy-local-untracked","unverified-no-repo-license","reexpress_behavior","false","Re-express the requirement in a new SeaCad-authored test."
"legacy-cad-2026-07-23","crates/cad-re/tests/dxf_layout_topology_tests.rs","test","2414","f0ff256ea211be201070d7a182dd8137d1bab2efb540c0f6650e14c0264d60ea","untracked","legacy-local-untracked","unverified-no-repo-license","reexpress_behavior","false","Re-express the requirement in a new SeaCad-authored test."
"legacy-cad-2026-07-23","crates/cad-re/tests/dxf_leader_evidence_tests.rs","test","2161","c0e2f1b71f62f257a31f6b52b2ff183ba4909966f56591867211284a412a6658","untracked","legacy-local-untracked","unverified-no-repo-license","reexpress_behavior","false","Re-express the requirement in a new SeaCad-authored test."
"legacy-cad-2026-07-23","crates/cad-re/tests/dxf_linear_geometry_evidence_tests.rs","test","2995","7e0e4a4253b560259b0cc4917d682f689923f7593114bf30f51e63433b8dfeaf","untracked","legacy-local-untracked","unverified-no-repo-license","reexpress_behavior","false","Re-express the requirement in a new SeaCad-authored test."
"legacy-cad-2026-07-23","crates/cad-re/tests/dxf_lwpolyline_evidence_tests.rs","test","3195","ea8c3b7ac4a65a477ff6c25abe19b109977e8813089a6b3647cca2b534b3a8dc","untracked","legacy-local-untracked","unverified-no-repo-license","reexpress_behavior","false","Re-express the requirement in a new SeaCad-authored test."
"legacy-cad-2026-07-23","crates/cad-re/tests/dxf_mesh_evidence_tests.rs","test","1184","57fd79d85d92974b0f5c27bb4a1ec1721f2c8a3796c24f903a76a3549394bcc4","untracked","legacy-local-untracked","unverified-no-repo-license","reexpress_behavior","false","Re-express the requirement in a new SeaCad-authored test."
"legacy-cad-2026-07-23","crates/cad-re/tests/dxf_mleader_evidence_tests.rs","test","2209","dca011cc9bd97475b6ccc61bb461253a5370eba04a04a39da048c3b6faf3a24d","untracked","legacy-local-untracked","unverified-no-repo-license","reexpress_behavior","false","Re-express the requirement in a new SeaCad-authored test."
"legacy-cad-2026-07-23","crates/cad-re/tests/dxf_mline_evidence_tests.rs","test","2217","8c6dfd1a65d7afc14ac42f68090ba7058f0e4cdf8f2f04de9bd30dd1ebb7676f","untracked","legacy-local-untracked","unverified-no-repo-license","reexpress_behavior","false","Re-express the requirement in a new SeaCad-authored test."
"legacy-cad-2026-07-23","crates/cad-re/tests/dxf_native_curved_evidence_tests.rs","test","2693","a17802f3322ac568cd8217ac40d32b762bf1fd1da69400fc86e2c00c52805804","untracked","legacy-local-untracked","unverified-no-repo-license","reexpress_behavior","false","Re-express the requirement in a new SeaCad-authored test."
"legacy-cad-2026-07-23","crates/cad-re/tests/dxf_native_insert_evidence_tests.rs","test","4121","d03423b3bc1ab88dc098acf96555a6611052f95d2f3dc7ddd18fd71253d8ae06","untracked","legacy-local-untracked","unverified-no-repo-license","reexpress_behavior","false","Re-express the requirement in a new SeaCad-authored test."
"legacy-cad-2026-07-23","crates/cad-re/tests/dxf_native_linear_evidence_tests.rs","test","3187","cb3f4b46a5f822357157f36162bd060cb18ec198012271367d8bbaefb3ac112a","untracked","legacy-local-untracked","unverified-no-repo-license","reexpress_behavior","false","Re-express the requirement in a new SeaCad-authored test."
"legacy-cad-2026-07-23","crates/cad-re/tests/dxf_native_lwpolyline_evidence_tests.rs","test","2731","39c7f1b20af5c791f66966dd4be90e3fed76e77ab539c082b33d0ea7283f32d6","untracked","legacy-local-untracked","unverified-no-repo-license","reexpress_behavior","false","Re-express the requirement in a new SeaCad-authored test."
"legacy-cad-2026-07-23","crates/cad-re/tests/dxf_native_polyline_evidence_tests.rs","test","3574","ab532c05357b37911b97c0505b85c6768c477558f4d253a68740a18e75d1ab7c","untracked","legacy-local-untracked","unverified-no-repo-license","reexpress_behavior","false","Re-express the requirement in a new SeaCad-authored test."
"legacy-cad-2026-07-23","crates/cad-re/tests/dxf_native_spline_evidence_tests.rs","test","3833","824e8cb7640f91265589d1948982bf1dd88bf7121b929b292464c2e28a47918b","untracked","legacy-local-untracked","unverified-no-repo-license","reexpress_behavior","false","Re-express the requirement in a new SeaCad-authored test."
"legacy-cad-2026-07-23","crates/cad-re/tests/dxf_native_surface_evidence_tests.rs","test","4145","c0c0f394de5b9104b650df66e6bd1ff686ed006fc249883249d2de2f89165b58","untracked","legacy-local-untracked","unverified-no-repo-license","reexpress_behavior","false","Re-express the requirement in a new SeaCad-authored test."
"legacy-cad-2026-07-23","crates/cad-re/tests/dxf_native_text_evidence_tests.rs","test","5274","8db2ecaa2e9cb41da936766b38c5d8894895da8567a6ba5ff8fc9e77e3bebadc","untracked","legacy-local-untracked","unverified-no-repo-license","reexpress_behavior","false","Re-express the requirement in a new SeaCad-authored test."
"legacy-cad-2026-07-23","crates/cad-re/tests/dxf_object_semantics_evidence_tests.rs","test","3139","7a759c64e624bb56f9ab9f3a2d051f2c4be8f0f22c56f09d61a8103aef1a97b9","untracked","legacy-local-untracked","unverified-no-repo-license","reexpress_behavior","false","Re-express the requirement in a new SeaCad-authored test."
"legacy-cad-2026-07-23","crates/cad-re/tests/dxf_owner_graph_tests.rs","test","5124","8c6e8286a26a5effa516ca9a203e8b1079bd57086197f3c3edef1045763c0c9a","untracked","legacy-local-untracked","unverified-no-repo-license","reexpress_behavior","false","Re-express the requirement in a new SeaCad-authored test."
"legacy-cad-2026-07-23","crates/cad-re/tests/dxf_polyface_evidence_tests.rs","test","1217","13c63fc3b19a8f20de2961f11c8b61e67adfe2bcb720cfcfd3c0b26cded950ae","untracked","legacy-local-untracked","unverified-no-repo-license","reexpress_behavior","false","Re-express the requirement in a new SeaCad-authored test."
"legacy-cad-2026-07-23","crates/cad-re/tests/dxf_polyline_evidence_tests.rs","test","3625","6c6a29e7f285256d5776523f88cc417d0fe6c63ea2ec23bc65238d924d026ea4","untracked","legacy-local-untracked","unverified-no-repo-license","reexpress_behavior","false","Re-express the requirement in a new SeaCad-authored test."
"legacy-cad-2026-07-23","crates/cad-re/tests/dxf_reactor_topology_tests.rs","test","3044","9e831c61571139486b930186cdf682ae59150d8397ccaa91aaa0dc6b29503fcf","untracked","legacy-local-untracked","unverified-no-repo-license","reexpress_behavior","false","Re-express the requirement in a new SeaCad-authored test."
"legacy-cad-2026-07-23","crates/cad-re/tests/dxf_sortents_topology_tests.rs","test","2883","4e457b12079724568f2c37acfeb0db00e98a95d0fb2c802b4ee396f9c789ec1b","untracked","legacy-local-untracked","unverified-no-repo-license","reexpress_behavior","false","Re-express the requirement in a new SeaCad-authored test."
"legacy-cad-2026-07-23","crates/cad-re/tests/dxf_spec_coverage_tests.rs","test","20967","27ec0689d8381cb968cd74fa34cae0b49070a27c056550c03073bf3a51127a5c","untracked","legacy-local-untracked","unverified-no-repo-license","reexpress_behavior","false","Re-express the requirement in a new SeaCad-authored test."
"legacy-cad-2026-07-23","crates/cad-re/tests/dxf_spline_evidence_tests.rs","test","1446","74f12c47763bfeac3dc3d210231477c558a663ad21854c06cae05b13aa6c9dce","untracked","legacy-local-untracked","unverified-no-repo-license","reexpress_behavior","false","Re-express the requirement in a new SeaCad-authored test."
"legacy-cad-2026-07-23","crates/cad-re/tests/dxf_standard_reference_evidence_tests.rs","test","3303","9294c6db804b09e7730f5eb679304e91a60d793e5c371cc9fa85779e950fd26f","untracked","legacy-local-untracked","unverified-no-repo-license","reexpress_behavior","false","Re-express the requirement in a new SeaCad-authored test."
"legacy-cad-2026-07-23","crates/cad-re/tests/dxf_style_reference_topology_tests.rs","test","5253","5063aa2e9344530abbb1826d06a6df132e488d1233d1bbddef85a7f87d9ca678","untracked","legacy-local-untracked","unverified-no-repo-license","reexpress_behavior","false","Re-express the requirement in a new SeaCad-authored test."
"legacy-cad-2026-07-23","crates/cad-re/tests/dxf_viewport_evidence_tests.rs","test","2384","27ec12220177c25bcc652afdbe91f5617d92604bfb920c421f5fc4ee078f6d20","untracked","legacy-local-untracked","unverified-no-repo-license","reexpress_behavior","false","Re-express the requirement in a new SeaCad-authored test."
"legacy-cad-2026-07-23","crates/cad-re/tests/evidence_bundle_tests.rs","test","10561","2e58b14d67c0564dd5bf69b3fc6285124e324d75d8cb89c1f01f4d21766e9677","untracked","legacy-local-untracked","unverified-no-repo-license","reexpress_behavior","false","Re-express the requirement in a new SeaCad-authored test."
"legacy-cad-2026-07-23","docs/DXF_ASCII_EVIDENCE_M1.md","documentation","2697","5cd73aff3b463049132c0ad4c68c5ed4e3df58d50d99f0ae05fbd38447550056","untracked","legacy-local-untracked","unverified-no-repo-license","reference_only","false","No direct transfer approved by M1."
"legacy-cad-2026-07-23","docs/DXF_ATTDEF_METADATA_M10A.md","documentation","3725","c6db416ede6766bcbf5adb434a20ff2c3f0eaeedf886e6f18c9e34f27af40d43","untracked","legacy-local-untracked","unverified-no-repo-license","reference_only","false","No direct transfer approved by M1."
"legacy-cad-2026-07-23","docs/DXF_DISPOSITION_EVIDENCE_M2.md","documentation","3859","095793666ba5242c5cbbfbf883582a56a1835daa12b944c31bacb7072f9cdaef","untracked","legacy-local-untracked","unverified-no-repo-license","reference_only","false","No direct transfer approved by M1."
"legacy-cad-2026-07-23","docs/DXF_ELLIPSE_TESSELLATION_M9.md","documentation","2999","8779181249e910c49673a4f0157bf48313b7cf111c1d2076628435ef48f23c57","untracked","legacy-local-untracked","unverified-no-repo-license","reference_only","false","No direct transfer approved by M1."
"legacy-cad-2026-07-23","docs/DXF_HATCH_BOUNDARY_M10B.md","documentation","4236","592a61c44cf3ae91bba2aa6485b61d5c814edd80ad223cb8a171cd7ed7d557c8","untracked","legacy-local-untracked","unverified-no-repo-license","reference_only","false","No direct transfer approved by M1."
"legacy-cad-2026-07-23","docs/DXF_INSERT_BLOCK_EXPANSION_M8.md","documentation","3205","bab11be4b17b2b2d6cac70b6cdbae16f5b937fbd933bd4fd148a318ea6a1bf74","untracked","legacy-local-untracked","unverified-no-repo-license","reference_only","false","No direct transfer approved by M1."
"legacy-cad-2026-07-23","docs/DXF_L5R_BINARY_REBASELINE.md","documentation","3014","5f64364c68dba92616ac3734a27747ae990e5eb190ec245fd0d01318ff643cd4","untracked","legacy-local-untracked","unverified-no-repo-license","reference_only","false","No direct transfer approved by M1."
"legacy-cad-2026-07-23","docs/DXF_L6A_EXACT_CURVES.md","documentation","2522","468f84b8090af348ef1371fee8d7be218f7f8f3db0810a40e2f14f52f16370d5","untracked","legacy-local-untracked","unverified-no-repo-license","reference_only","false","No direct transfer approved by M1."
"legacy-cad-2026-07-23","docs/DXF_L6B1_LWPOLYLINE_LINEAR.md","documentation","3070","4ce421a54c2dc6110d869a0fa146ffbc0d3146c48964fbcfbdd8f70170da3d24","untracked","legacy-local-untracked","unverified-no-repo-license","reference_only","false","No direct transfer approved by M1."
"legacy-cad-2026-07-23","docs/DXF_L6B2_LWPOLYLINE_WIDTH.md","documentation","2676","b410c01bb6c46f75fa87d25d75e679c9d7b71e4057652e25534bdb55c0824ae4","untracked","legacy-local-untracked","unverified-no-repo-license","reference_only","false","No direct transfer approved by M1."
"legacy-cad-2026-07-23","docs/DXF_L6B3_LWPOLYLINE_BULGE_ARCS.md","documentation","3206","ef5fbeff492d32b0f9d1ce41de3c2f92b97fbceec86fa5072df5c2eb54d6151f","untracked","legacy-local-untracked","unverified-no-repo-license","reference_only","false","No direct transfer approved by M1."
"legacy-cad-2026-07-23","docs/DXF_L6B4_LWPOLYLINE_PLINEGEN.md","documentation","3553","64845192314c36c2abfd5e424854e927bd848cc2e8e405fe32741cb0c44ec091","untracked","legacy-local-untracked","unverified-no-repo-license","reference_only","false","No direct transfer approved by M1."
"legacy-cad-2026-07-23","docs/DXF_LWPOLYLINE_STROKE_M3.md","documentation","3125","0f246d0ccb9fda632dab7233997e3b9321d06c9a6c917d6b8e0180fef6ba8c48","untracked","legacy-local-untracked","unverified-no-repo-license","reference_only","false","No direct transfer approved by M1."
"legacy-cad-2026-07-23","docs/DXF_LWPOLYLINE_WIDTH_M10C.md","documentation","4255","9cc19d688a6062d25b00715549484d8492f64663f763f9d95a48e8835519779b","untracked","legacy-local-untracked","unverified-no-repo-license","reference_only","false","No direct transfer approved by M1."
"legacy-cad-2026-07-23","docs/DXF_NESTED_INSERT_M10D.md","documentation","3159","b51bec172be6f3f212932169f3eae8ddda8509b44d6185abf34123ad82d48931","untracked","legacy-local-untracked","unverified-no-repo-license","reference_only","false","No direct transfer approved by M1."
"legacy-cad-2026-07-23","docs/DXF_TEXT_ALIGNMENT_M5.md","documentation","2052","3e8e75a571ab561d0ce5c631f8d732cf78bc5443ad60b152f25ff4a39d6e34a3","untracked","legacy-local-untracked","unverified-no-repo-license","reference_only","false","No direct transfer approved by M1."
"legacy-cad-2026-07-23","docs/DXF_TEXT_FIDELITY_M4.md","documentation","2554","2237ade66c8a2ad955ad68cea2472a2019f7f9b4e5ce6e3ab12dac52f91b3bd9","untracked","legacy-local-untracked","unverified-no-repo-license","reference_only","false","No direct transfer approved by M1."
"legacy-cad-2026-07-23","docs/DXF_TEXT_SHAPING_M6.md","documentation","2184","34af897bc522c80b9146ff64f994800f4c2784e42c1ad00f2ead775da86aee2f","untracked","legacy-local-untracked","unverified-no-repo-license","reference_only","false","No direct transfer approved by M1."
"legacy-cad-2026-07-23","docs/DXF_TEXT_STYLE_M7.md","documentation","2259","948d698e2ede428681e94e31c42c16dea0fa33a8d301aae871957ded5a412615","untracked","legacy-local-untracked","unverified-no-repo-license","reference_only","false","No direct transfer approved by M1."
"legacy-cad-2026-07-23","docs/SUPPORT_MATRIX.md","documentation","32262","897521a77e3f9d28e452c9927d7c19ec31cf371c857017b46dfcd47bfc7e109f","untracked","legacy-local-untracked","unverified-no-repo-license","reference_only","false","No direct transfer approved by M1."
"legacy-cad-2026-07-23","docs/plans/DXF_CORE_NATIVE_COMPLETION.md","documentation","7897","2e9fb70b8d261f448b13d2dc768101fa8b1bf14d0c89beed147c9f70db7768ff","untracked","legacy-local-untracked","unverified-no-repo-license","reference_only","false","No direct transfer approved by M1."
"legacy-cad-2026-07-23","docs/plans/DXF_LOSSLESS_100.md","documentation","6832","11df9af4de9055c12a2042db7368d03e967f0ecbc4309fca0451401ed99f9b73","untracked","legacy-local-untracked","unverified-no-repo-license","reference_only","false","No direct transfer approved by M1."
"legacy-cad-2026-07-23","docs/plans/DXF_M10_COVERAGE.md","documentation","3483","563f6f57f57fc40aa4f817994b558481393964349469f1cc1c1a058a37be07af","untracked","legacy-local-untracked","unverified-no-repo-license","reference_only","false","No direct transfer approved by M1."
"legacy-cad-2026-07-23","docs/plans/DXF_TOOLCHAIN_NATIVE_COMPLETION.md","documentation","9211","3216b9186245aa64be74bd63a41ef647125ecd2bf308ab37370491b55dd4487c","untracked","legacy-local-untracked","unverified-no-repo-license","reference_only","false","No direct transfer approved by M1."
"legacy-cad-2026-07-23","fuzz/Cargo.lock","metadata","2404","a01e0dd4a7d080221cba8060e1c472aeb79c71c0431ea050357ca75fe3309bba","untracked","legacy-local-untracked","unverified-no-repo-license","reference_only","false","No direct transfer approved by M1."
"legacy-cad-2026-07-23","fuzz/Cargo.toml","metadata","492","99494d82bb2410393e19234d8946bb30761f86908cfdf93d393d3d278fd7cad8","untracked","legacy-local-untracked","unverified-no-repo-license","reference_only","false","No direct transfer approved by M1."
"legacy-cad-2026-07-23","fuzz/corpus/dxf_binary_stream/003f5d94009589787ce3449c94b218615d607992","fuzz_seed","4","c07ef126dda14747e66906d20ee2a1f96eb7735a157b8c5a02bc9351c5bbd3aa","untracked","legacy-fuzz-output-unverified","unverified-no-repo-license","quarantine_generated_seed","false","Mutation history and seed license are not documented."
"legacy-cad-2026-07-23","fuzz/corpus/dxf_binary_stream/021475f873eb3919ebedec8c3558fc81c88833b2","fuzz_seed","4","481f0e52c1d2672f12c33845591c0e83833ea88ebe9b49bfd5adcdd5062f02b6","untracked","legacy-fuzz-output-unverified","unverified-no-repo-license","quarantine_generated_seed","false","Mutation history and seed license are not documented."
"legacy-cad-2026-07-23","fuzz/corpus/dxf_binary_stream/026c7c2a1cf6fc6e49f0e17beeaa0cd48c9ace26","fuzz_seed","4","b7329f9766e5d420270e379dcf39facba5b459358cd2697b55858513b38921b7","untracked","legacy-fuzz-output-unverified","unverified-no-repo-license","quarantine_generated_seed","false","Mutation history and seed license are not documented."
"legacy-cad-2026-07-23","fuzz/corpus/dxf_binary_stream/02ff955610f45ed32c2a8ba15550bd1ca268b9ea","fuzz_seed","4","f2c0306a7b95e50e06765fda873ce535f43ac740c72d09df582ce1ec3222ab15","untracked","legacy-fuzz-output-unverified","unverified-no-repo-license","quarantine_generated_seed","false","Mutation history and seed license are not documented."
"legacy-cad-2026-07-23","fuzz/corpus/dxf_binary_stream/053f7d6e260d62b35b0154ac51a5b63a4c4a4932","fuzz_seed","4","0337d6fcd298bc6696a8cade92eb2bc0568f213653c0df0349aafaf285f524a4","untracked","legacy-fuzz-output-unverified","unverified-no-repo-license","quarantine_generated_seed","false","Mutation history and seed license are not documented."
"legacy-cad-2026-07-23","fuzz/corpus/dxf_binary_stream/088340f2c6290cf78cab3a5425efbe9aa91d123d","fuzz_seed","4","ecb39d27943753792caeb1ae1ebb3810fb097a9a63a56b78d289d00383986cba","untracked","legacy-fuzz-output-unverified","unverified-no-repo-license","quarantine_generated_seed","false","Mutation history and seed license are not documented."
"legacy-cad-2026-07-23","fuzz/corpus/dxf_binary_stream/0914d382536b7adfaa7b1ad3c4d57e4316715360","fuzz_seed","4","5e2a3953930a67c689499c3a68ec6bc125fdd9183293f843a2a5c5c3263bee24","untracked","legacy-fuzz-output-unverified","unverified-no-repo-license","quarantine_generated_seed","false","Mutation history and seed license are not documented."
"legacy-cad-2026-07-23","fuzz/corpus/dxf_binary_stream/0b000dbedeec6e500a9fa717e6aa37b37fd20d12","fuzz_seed","2","31609426297325bdb28c86ab3ceeed4a3c438966733fd61b8aea00ee8b23b7bc","untracked","legacy-fuzz-output-unverified","unverified-no-repo-license","quarantine_generated_seed","false","Mutation history and seed license are not documented."
"legacy-cad-2026-07-23","fuzz/corpus/dxf_binary_stream/0cfb8836665e904674aec394954042e521d28a88","fuzz_seed","4","ad113cc18fe7ba3ef66c0d52860ba1a7f626bc6e67c5a0f61766c9f3edd7d66b","untracked","legacy-fuzz-output-unverified","unverified-no-repo-license","quarantine_generated_seed","false","Mutation history and seed license are not documented."
"legacy-cad-2026-07-23","fuzz/corpus/dxf_binary_stream/0dbce036b4ef7d2434a8018c2a8291a9909fb2aa","fuzz_seed","2","cd9f06e5d88160ee273e198fab560620897c0c06f9126510e91ee5dc942d95bd","untracked","legacy-fuzz-output-unverified","unverified-no-repo-license","quarantine_generated_seed","false","Mutation history and seed license are not documented."
"legacy-cad-2026-07-23","fuzz/corpus/dxf_binary_stream/0ee3964641372ae8bd5c3f50c1fce416391d9c16","fuzz_seed","2","76b2a4ea96ad15f567bbeca77ce8dd3b113d73160248686fe8b5aba9c1722b6a","untracked","legacy-fuzz-output-unverified","unverified-no-repo-license","quarantine_generated_seed","false","Mutation history and seed license are not documented."
"legacy-cad-2026-07-23","fuzz/corpus/dxf_binary_stream/153d254254345b61e20e7b37637dd6f6fd71ba01","fuzz_seed","3","edc8c1efa9b3a9dc08b95dd0236472be2167c4eb4994fc1edda33e8deefc1a45","untracked","legacy-fuzz-output-unverified","unverified-no-repo-license","quarantine_generated_seed","false","Mutation history and seed license are not documented."
"legacy-cad-2026-07-23","fuzz/corpus/dxf_binary_stream/158c49ae22a1b2d2cd46faa25fa2f36de5e80a00","fuzz_seed","4","334e5ee1b53ecabbf535df0a074d4a2199ac30b539c2b2c14c2e227f0689ee0e","untracked","legacy-fuzz-output-unverified","unverified-no-repo-license","quarantine_generated_seed","false","Mutation history and seed license are not documented."
"legacy-cad-2026-07-23","fuzz/corpus/dxf_binary_stream/1ec11f4363a27899f389c9f6247d436eb123a902","fuzz_seed","4","1bd601525c3670a933aa01d2e21a84660dfed57c0c304a912df27d33d06d00da","untracked","legacy-fuzz-output-unverified","unverified-no-repo-license","quarantine_generated_seed","false","Mutation history and seed license are not documented."
"legacy-cad-2026-07-23","fuzz/corpus/dxf_binary_stream/2829f4ce468fafac5d5acebf92ff03d020b5fc04","fuzz_seed","3","769a55b49c7f25fc4a8a1737ed6fa3c0975a5884c70ff7d9b9393716e39aa029","untracked","legacy-fuzz-output-unverified","unverified-no-repo-license","quarantine_generated_seed","false","Mutation history and seed license are not documented."
"legacy-cad-2026-07-23","fuzz/corpus/dxf_binary_stream/2896e77af3dcae149d00c31e0decc1b74ff673c4","fuzz_seed","4","328d183b0ee0401b8dbafbc5817c61411baadb6f83b50643ce452e6db417c411","untracked","legacy-fuzz-output-unverified","unverified-no-repo-license","quarantine_generated_seed","false","Mutation history and seed license are not documented."
"legacy-cad-2026-07-23","fuzz/corpus/dxf_binary_stream/29237ffbb876c3ec269c6e8fdd4423c07d3746e6","fuzz_seed","4","c9a41c78ed4170c1826be3b5da55e87f4ba32107a5595dd34baeb0cba2570eb1","untracked","legacy-fuzz-output-unverified","unverified-no-repo-license","quarantine_generated_seed","false","Mutation history and seed license are not documented."
"legacy-cad-2026-07-23","fuzz/corpus/dxf_binary_stream/29bd95e078a036a24e2d85bfd523f922514228ab","fuzz_seed","2","680f20b67d7f6a76e663d4a9cf5897a3b563dc6a163b6731a6a3f4563855446e","untracked","legacy-fuzz-output-unverified","unverified-no-repo-license","quarantine_generated_seed","false","Mutation history and seed license are not documented."
"legacy-cad-2026-07-23","fuzz/corpus/dxf_binary_stream/2c7d01ce556112700d57fc90507d679ee21319df","fuzz_seed","4","3bbe0c479666c56aa50d12e6166aa09b18a5ce63ab5fbb3055ad875e2aca8706","untracked","legacy-fuzz-output-unverified","unverified-no-repo-license","quarantine_generated_seed","false","Mutation history and seed license are not documented."
"legacy-cad-2026-07-23","fuzz/corpus/dxf_binary_stream/3680b5ba23f6a46bea6b63e3ad53c9416c17bd5d","fuzz_seed","2","fb13e8eb4ee0b20345624f1ad3a29eb8e4c09ca68f5ae26f2dcfd0edf81ab81c","untracked","legacy-fuzz-output-unverified","unverified-no-repo-license","quarantine_generated_seed","false","Mutation history and seed license are not documented."
"legacy-cad-2026-07-23","fuzz/corpus/dxf_binary_stream/37663d2a0cb4a1bc63ee12ef4748a2e0b4dc402e","fuzz_seed","4","6a9abba5698dc4c26e68593ae2f2cb1f570887af638895f36c0814bfd49aaf4d","untracked","legacy-fuzz-output-unverified","unverified-no-repo-license","quarantine_generated_seed","false","Mutation history and seed license are not documented."
"legacy-cad-2026-07-23","fuzz/corpus/dxf_binary_stream/3819f217186352f13942331f5c07bec586e1a0e8","fuzz_seed","2","bbafd38c6ab4fe36447f8474165e3e52c5c6a63359f3ee36bee964bf5eeb78af","untracked","legacy-fuzz-output-unverified","unverified-no-repo-license","quarantine_generated_seed","false","Mutation history and seed license are not documented."
"legacy-cad-2026-07-23","fuzz/corpus/dxf_binary_stream/3883ed9acc2204d1ef715395d6281be749325f7d","fuzz_seed","4","9d895955f32bad9de81f6e25e052f9857ae5ea20d2bf9ec6a048514af17046ac","untracked","legacy-fuzz-output-unverified","unverified-no-repo-license","quarantine_generated_seed","false","Mutation history and seed license are not documented."
"legacy-cad-2026-07-23","fuzz/corpus/dxf_binary_stream/392635913ebb0df918db2d2e024ed665e303e641","fuzz_seed","2","4ee8bdc431df65f0c739033c1a472bc785d6db0bb0426877c617980a3440ccc1","untracked","legacy-fuzz-output-unverified","unverified-no-repo-license","quarantine_generated_seed","false","Mutation history and seed license are not documented."
"legacy-cad-2026-07-23","fuzz/corpus/dxf_binary_stream/3c0fe5e3be66043f88b66a111605050394e704bb","fuzz_seed","2","d7dc23165dfffc97a19610bad8ef701e6dd4ad3daa36369cb6aa347fa9e52309","untracked","legacy-fuzz-output-unverified","unverified-no-repo-license","quarantine_generated_seed","false","Mutation history and seed license are not documented."
"legacy-cad-2026-07-23","fuzz/corpus/dxf_binary_stream/3c3e7ff25fefb8a06cf7465c370d9d2d359735e5","fuzz_seed","4","a178dda625af4f9dc02986c151a88bf0a526ffcd39bdcdfec5f6821b7f115e5b","untracked","legacy-fuzz-output-unverified","unverified-no-repo-license","quarantine_generated_seed","false","Mutation history and seed license are not documented."
"legacy-cad-2026-07-23","fuzz/corpus/dxf_binary_stream/3e239ea013fd465af0bea7369f848e09ab287fbb","fuzz_seed","4","c0fa67557f772df32099d6c72ba0406cfcefb0e810acc8de23f93a203e020dcd","untracked","legacy-fuzz-output-unverified","unverified-no-repo-license","quarantine_generated_seed","false","Mutation history and seed license are not documented."
"legacy-cad-2026-07-23","fuzz/corpus/dxf_binary_stream/3fed43cba3775c4945b35d93fb0b81e910093457","fuzz_seed","4","2dad10c4aafa4e684cab76a91366e0c901ec3bc2a3f0d8b79a1b0b3c09e092d6","untracked","legacy-fuzz-output-unverified","unverified-no-repo-license","quarantine_generated_seed","false","Mutation history and seed license are not documented."
"legacy-cad-2026-07-23","fuzz/corpus/dxf_binary_stream/4571ef1e60c5884b09f4fa9e1d366e6308ff8ea9","fuzz_seed","3","9707028ef5b742d1f316f185622f8cd9397c332e9511c5ce72e50fc79f341d00","untracked","legacy-fuzz-output-unverified","unverified-no-repo-license","quarantine_generated_seed","false","Mutation history and seed license are not documented."
"legacy-cad-2026-07-23","fuzz/corpus/dxf_binary_stream/45c890226f10c51897def96f652bd7154c9a00ea","fuzz_seed","3","dc0103427bd77c7c28186b69f8760450b8977210b9dfeac3a1c43ea371adb76d","untracked","legacy-fuzz-output-unverified","unverified-no-repo-license","quarantine_generated_seed","false","Mutation history and seed license are not documented."
"legacy-cad-2026-07-23","fuzz/corpus/dxf_binary_stream/467d8635ef7bb8f265f905e11aeb2211d5531699","fuzz_seed","4","76265066a36bb898538cdbe8dffbdd6057f43265ac72b94e2847a945e0170e28","untracked","legacy-fuzz-output-unverified","unverified-no-repo-license","quarantine_generated_seed","false","Mutation history and seed license are not documented."
"legacy-cad-2026-07-23","fuzz/corpus/dxf_binary_stream/47a66ef827f4e8840955e754b6312ff3486c8141","fuzz_seed","4","b3a9df6379a5123370a3d2de3283f18333f3abfef2724dfac10f6e9f0d3ff7e4","untracked","legacy-fuzz-output-unverified","unverified-no-repo-license","quarantine_generated_seed","false","Mutation history and seed license are not documented."
"legacy-cad-2026-07-23","fuzz/corpus/dxf_binary_stream/4bd5d75ec89120811669f203e42f6099007276cb","fuzz_seed","4","c8360d10b714c4f40999856383e7fca529b129880aec92d8567db866370f0492","untracked","legacy-fuzz-output-unverified","unverified-no-repo-license","quarantine_generated_seed","false","Mutation history and seed license are not documented."
"legacy-cad-2026-07-23","fuzz/corpus/dxf_binary_stream/4c4dd36a08afa5058bf579c728cec5c8792e0344","fuzz_seed","4","101ea8bd118e894ba4350c8ff8e9de3837a7ff5466acb28f69502a3357e8d7c8","untracked","legacy-fuzz-output-unverified","unverified-no-repo-license","quarantine_generated_seed","false","Mutation history and seed license are not documented."
"legacy-cad-2026-07-23","fuzz/corpus/dxf_binary_stream/4c99c1614ed4c5cc66d9574407edb8c54e686878","fuzz_seed","4","7c0c8f6733523bce6e381f477e4fbf994a5bb0e4d157965c8c5be90e05a4f6bd","untracked","legacy-fuzz-output-unverified","unverified-no-repo-license","quarantine_generated_seed","false","Mutation history and seed license are not documented."
"legacy-cad-2026-07-23","fuzz/corpus/dxf_binary_stream/4ce025515992cb86610c69ac79ddbabe50916c5d","fuzz_seed","4","cc34cbc8ad0c33ee8e0e2533e679f824ab967d628cc300f44a767ae953986e0d","untracked","legacy-fuzz-output-unverified","unverified-no-repo-license","quarantine_generated_seed","false","Mutation history and seed license are not documented."
"legacy-cad-2026-07-23","fuzz/corpus/dxf_binary_stream/4fb915e25874ed5ba1fd526e107e679fc98b2ce0","fuzz_seed","4","bc5d67b9db02968322c14dbd2d407381e7bb4a9d53ba292891dfae094fb70812","untracked","legacy-fuzz-output-unverified","unverified-no-repo-license","quarantine_generated_seed","false","Mutation history and seed license are not documented."
"legacy-cad-2026-07-23","fuzz/corpus/dxf_binary_stream/501853bbcc771ac23566e32f333b95d863336df0","fuzz_seed","4","68d3dd9269209482b95d3847be1ca447b22e39ebf1305bb937fadd5fbc9b7f5e","untracked","legacy-fuzz-output-unverified","unverified-no-repo-license","quarantine_generated_seed","false","Mutation history and seed license are not documented."
"legacy-cad-2026-07-23","fuzz/corpus/dxf_binary_stream/543f3158eb373f056a1285c70cc0936882d865b6","fuzz_seed","4","f202127438238b6bed3e54bc23dfe6308979489439b26fa51e8a75a2f3f9cb36","untracked","legacy-fuzz-output-unverified","unverified-no-repo-license","quarantine_generated_seed","false","Mutation history and seed license are not documented."
"legacy-cad-2026-07-23","fuzz/corpus/dxf_binary_stream/57e729ba7f4db24db71c32099a85918f4b70aa47","fuzz_seed","4","d16343b8f6db088b110cbfef5ec9ea6cb773e53774448a5a9d1e34e61f0d4ac9","untracked","legacy-fuzz-output-unverified","unverified-no-repo-license","quarantine_generated_seed","false","Mutation history and seed license are not documented."
"legacy-cad-2026-07-23","fuzz/corpus/dxf_binary_stream/59f4a4e4b07d91d8215db87d905de285f5ec70e0","fuzz_seed","4","572bd23aa02707d573c895f137e06de418be64dcf9173a0b7a1cc4e96a94be2d","untracked","legacy-fuzz-output-unverified","unverified-no-repo-license","quarantine_generated_seed","false","Mutation history and seed license are not documented."
"legacy-cad-2026-07-23","fuzz/corpus/dxf_binary_stream/5a4193dad2d405b2f067471f514612a07c3b5347","fuzz_seed","4","a8cdadf1baa46acb895dfb10fd8f25d6bbd4c1d6e05ed48e2db00d8d1da7e0d5","untracked","legacy-fuzz-output-unverified","unverified-no-repo-license","quarantine_generated_seed","false","Mutation history and seed license are not documented."
"legacy-cad-2026-07-23","fuzz/corpus/dxf_binary_stream/5b2f2f28014008ed085c8dc298fb7a206d753a3a","fuzz_seed","2","216a9e7207f8630e6bbe5078c13716101e349370d94d56f150534a4c451abc34","untracked","legacy-fuzz-output-unverified","unverified-no-repo-license","quarantine_generated_seed","false","Mutation history and seed license are not documented."
"legacy-cad-2026-07-23","fuzz/corpus/dxf_binary_stream/5b5607151343413ab13507417a4df537b011ea6c","fuzz_seed","4","425291a7759c5de4a895063bb072fc9bc9936b830d011adc5a2d63c174d9d25b","untracked","legacy-fuzz-output-unverified","unverified-no-repo-license","quarantine_generated_seed","false","Mutation history and seed license are not documented."
"legacy-cad-2026-07-23","fuzz/corpus/dxf_binary_stream/5b7c878f73372d06e0efb0da121547bbe1ba015a","fuzz_seed","4","b93e5e06f6e7465b996d88b6fd449bda1d82484222a7a71dcc33167bd37089b1","untracked","legacy-fuzz-output-unverified","unverified-no-repo-license","quarantine_generated_seed","false","Mutation history and seed license are not documented."
"legacy-cad-2026-07-23","fuzz/corpus/dxf_binary_stream/5bd298b47a08ea0d6defd5d2857a6a591fc18bdf","fuzz_seed","4","849b0415d0bdc5b1ed4690adf4924e1529d1acd699fb04d2dd08fdff9495c5e6","untracked","legacy-fuzz-output-unverified","unverified-no-repo-license","quarantine_generated_seed","false","Mutation history and seed license are not documented."
"legacy-cad-2026-07-23","fuzz/corpus/dxf_binary_stream/5c0caea7a1ef3438bd22bbb69a0efc887749a21a","fuzz_seed","2","e3966e3275be536a16092ec0cadf1638f718218e616fbbe8ff1c5e67fff4def2","untracked","legacy-fuzz-output-unverified","unverified-no-repo-license","quarantine_generated_seed","false","Mutation history and seed license are not documented."
"legacy-cad-2026-07-23","fuzz/corpus/dxf_binary_stream/5d2be986bb37dd4df38236aca51eceb92a98c39c","fuzz_seed","4","81961951b916a3890493de9621072d035194157a70fb93097dd5900026cb0b4d","untracked","legacy-fuzz-output-unverified","unverified-no-repo-license","quarantine_generated_seed","false","Mutation history and seed license are not documented."
"legacy-cad-2026-07-23","fuzz/corpus/dxf_binary_stream/5fb11e91fbe76957255d651cec191034e5a283ae","fuzz_seed","4","995ce3f1e22092d2c4b0304001d2a235c1dae7e5ac799548af861b5829e9a67f","untracked","legacy-fuzz-output-unverified","unverified-no-repo-license","quarantine_generated_seed","false","Mutation history and seed license are not documented."
"legacy-cad-2026-07-23","fuzz/corpus/dxf_binary_stream/600dc0089209c280fc9a0caa0faa173db49729f4","fuzz_seed","4","4368444e794cb2c14de4d9dc5227db8ad02ed41fa1241c951e8abf8e17bd961b","untracked","legacy-fuzz-output-unverified","unverified-no-repo-license","quarantine_generated_seed","false","Mutation history and seed license are not documented."
"legacy-cad-2026-07-23","fuzz/corpus/dxf_binary_stream/65aadfa1e677cb69a43db05d3b192a796c1764dd","fuzz_seed","4","dd7ee3b636713c0abbbcbf8595d58a8958fae4f2d36392d33786abab4e5205a1","untracked","legacy-fuzz-output-unverified","unverified-no-repo-license","quarantine_generated_seed","false","Mutation history and seed license are not documented."
"legacy-cad-2026-07-23","fuzz/corpus/dxf_binary_stream/685999d7e51b097043946cb61935079b3e369b5a","fuzz_seed","4","918c8bd35bc80c4ce12a51d05e3071b62a4602da4641058f8150dcbe9047a5a8","untracked","legacy-fuzz-output-unverified","unverified-no-repo-license","quarantine_generated_seed","false","Mutation history and seed license are not documented."
"legacy-cad-2026-07-23","fuzz/corpus/dxf_binary_stream/6a7e8b0abc78ac555c9d3070033882af03cd6f36","fuzz_seed","2","85114c2b8aed5b3060379940ef850adc12d88f4158c52f16ebc6326abe1d073a","untracked","legacy-fuzz-output-unverified","unverified-no-repo-license","quarantine_generated_seed","false","Mutation history and seed license are not documented."
"legacy-cad-2026-07-23","fuzz/corpus/dxf_binary_stream/6ba887fde70746eb0f2aedb7dd97451de42cc876","fuzz_seed","4","c73602b59af39eb27a8f500172139477bd7d9abb9502345ecd0e5c1b373556aa","untracked","legacy-fuzz-output-unverified","unverified-no-repo-license","quarantine_generated_seed","false","Mutation history and seed license are not documented."
"legacy-cad-2026-07-23","fuzz/corpus/dxf_binary_stream/6be796082588a96dbac08cf4fb53914326c27399","fuzz_seed","4","884dccf88553fec1e67367fa1b03e31046338ae920be6d1409f29e3899118f66","untracked","legacy-fuzz-output-unverified","unverified-no-repo-license","quarantine_generated_seed","false","Mutation history and seed license are not documented."
"legacy-cad-2026-07-23","fuzz/corpus/dxf_binary_stream/6ff04918dd37c95f7a2c481f3f8f1934a07414b1","fuzz_seed","3","92f76135a4baf4faccb8586a60faf830c2bdfce147cefa188aaf4b790bd01b7e","untracked","legacy-fuzz-output-unverified","unverified-no-repo-license","quarantine_generated_seed","false","Mutation history and seed license are not documented."
"legacy-cad-2026-07-23","fuzz/corpus/dxf_binary_stream/71a265dc0b4a904eab5fde7f64fedef09253bd5f","fuzz_seed","4","53a7090462af15ef69b27ae51c454a00b5fb6c8b809954c03051f66dbac2bde2","untracked","legacy-fuzz-output-unverified","unverified-no-repo-license","quarantine_generated_seed","false","Mutation history and seed license are not documented."
"legacy-cad-2026-07-23","fuzz/corpus/dxf_binary_stream/7499728e710df0c18b5308f86c0341abadb55b38","fuzz_seed","2","0ee770cf362a517e32e72ce39724704737c97c07287df98890713889b95900dc","untracked","legacy-fuzz-output-unverified","unverified-no-repo-license","quarantine_generated_seed","false","Mutation history and seed license are not documented."
"legacy-cad-2026-07-23","fuzz/corpus/dxf_binary_stream/7bbecb3168d16860a3aefecadc27ba314425e312","fuzz_seed","4","de29f8ea0c00355f39365a895f5c818993fa6058fef56a5009caa6efc71a6c83","untracked","legacy-fuzz-output-unverified","unverified-no-repo-license","quarantine_generated_seed","false","Mutation history and seed license are not documented."
"legacy-cad-2026-07-23","fuzz/corpus/dxf_binary_stream/7c8ca2e8c2180b2c9c7c59182182a0b62326ce9d","fuzz_seed","4","9b2c4522fe9cf3a17fdb310b01f2655b8f555c33b93319b351411f66b0c30d84","untracked","legacy-fuzz-output-unverified","unverified-no-repo-license","quarantine_generated_seed","false","Mutation history and seed license are not documented."
"legacy-cad-2026-07-23","fuzz/corpus/dxf_binary_stream/7e17fd95074f1c186288f7362bdd8d89997c6e52","fuzz_seed","4","eca64538d392849665b6acba29de70fbf4699ef00875a79c27262a95ad2debad","untracked","legacy-fuzz-output-unverified","unverified-no-repo-license","quarantine_generated_seed","false","Mutation history and seed license are not documented."
"legacy-cad-2026-07-23","fuzz/corpus/dxf_binary_stream/80124d6b535b5c96ae5e34ded81dd21e004b2f75","fuzz_seed","4","a67b70286b1631450ccb59329b25cda88abc6d79faac1b47281dc863d9fabd19","untracked","legacy-fuzz-output-unverified","unverified-no-repo-license","quarantine_generated_seed","false","Mutation history and seed license are not documented."
"legacy-cad-2026-07-23","fuzz/corpus/dxf_binary_stream/8746cb4bb34d85b95f8dadbb70ac46d03958fc17","fuzz_seed","4","971863496e735e14b59ada3304caa2c461f6fe49d631c5e4090c77dbb7697dad","untracked","legacy-fuzz-output-unverified","unverified-no-repo-license","quarantine_generated_seed","false","Mutation history and seed license are not documented."
"legacy-cad-2026-07-23","fuzz/corpus/dxf_binary_stream/88f2f8cb25fcbcd893f6ea10932d672e2b96edbb","fuzz_seed","4","9a34d3d7d536d4b40a13e04cccd945fcd3a59042fa73d085d80a44c284f22e6c","untracked","legacy-fuzz-output-unverified","unverified-no-repo-license","quarantine_generated_seed","false","Mutation history and seed license are not documented."
"legacy-cad-2026-07-23","fuzz/corpus/dxf_binary_stream/8a1a28347b8d17efcf14da70f938698388c656a0","fuzz_seed","4","b68e123f1db4508fbc6f2ce80a7219fdced138f17f10e504f798798f30598948","untracked","legacy-fuzz-output-unverified","unverified-no-repo-license","quarantine_generated_seed","false","Mutation history and seed license are not documented."
"legacy-cad-2026-07-23","fuzz/corpus/dxf_binary_stream/8a25530653794491d815f0cf31102305951cac30","fuzz_seed","4","5f83b46f9bb32eec456b70054fd91e81c818ff2d75ebfe2311f45d4de07e6a6e","untracked","legacy-fuzz-output-unverified","unverified-no-repo-license","quarantine_generated_seed","false","Mutation history and seed license are not documented."
"legacy-cad-2026-07-23","fuzz/corpus/dxf_binary_stream/8c4f8d729a8f7e0eda51ed24da324e4870087c84","fuzz_seed","4","4b1afeb2ed16d2c720ca9fcd41895a9d9ffbdaad5da2603852c66c892b854a80","untracked","legacy-fuzz-output-unverified","unverified-no-repo-license","quarantine_generated_seed","false","Mutation history and seed license are not documented."
"legacy-cad-2026-07-23","fuzz/corpus/dxf_binary_stream/8ff79f00d62a286e10e2defd8b6804135fe9076d","fuzz_seed","4","1966cd6682e6381229be7896e7d696d0a42a03a9136642f76772ea5abad3bac4","untracked","legacy-fuzz-output-unverified","unverified-no-repo-license","quarantine_generated_seed","false","Mutation history and seed license are not documented."
"legacy-cad-2026-07-23","fuzz/corpus/dxf_binary_stream/91032ad7bbcb6cf72875e8e8207dcfba80173f7c","fuzz_seed","2","f5ca38f748a1d6eaf726b8a42fb575c3c71f1864a8143301782de13da2d9202b","untracked","legacy-fuzz-output-unverified","unverified-no-repo-license","quarantine_generated_seed","false","Mutation history and seed license are not documented."
"legacy-cad-2026-07-23","fuzz/corpus/dxf_binary_stream/93ac8946882128457cd9e283b30ca851945e6690","fuzz_seed","2","76a71fbef8a8339fcbcaff8c9aadfb85c834bc3cc0c07069a5ebb2eea3d90d68","untracked","legacy-fuzz-output-unverified","unverified-no-repo-license","quarantine_generated_seed","false","Mutation history and seed license are not documented."
"legacy-cad-2026-07-23","fuzz/corpus/dxf_binary_stream/959b0b17d816294044c695ad9ff7c76857be6033","fuzz_seed","4","f92e98d73f1f7e018ec696502a5561c8af280ab7f48f417979e8a47f3171bab7","untracked","legacy-fuzz-output-unverified","unverified-no-repo-license","quarantine_generated_seed","false","Mutation history and seed license are not documented."
"legacy-cad-2026-07-23","fuzz/corpus/dxf_binary_stream/9762053d4defb8be822cb0957983a6b8796976d6","fuzz_seed","2","32c4858e22cc2c967b42150fa550562a2c839c2cebcaab91cabdf6f4da020022","untracked","legacy-fuzz-output-unverified","unverified-no-repo-license","quarantine_generated_seed","false","Mutation history and seed license are not documented."
"legacy-cad-2026-07-23","fuzz/corpus/dxf_binary_stream/98ba2d95e7d0cc750aa26aa94b79d807930a450a","fuzz_seed","2","c0b2e3719b2149215166a29d9be95c369ffa5aa5d7efec85c997740fe40728f1","untracked","legacy-fuzz-output-unverified","unverified-no-repo-license","quarantine_generated_seed","false","Mutation history and seed license are not documented."
"legacy-cad-2026-07-23","fuzz/corpus/dxf_binary_stream/9b8f1680e597a5f126974f4b6e8b0b1320a6204c","fuzz_seed","4","0ffffb3164d43c872b65f919fa5439da8b4f0f402a866cacb741f8cefb9ddced","untracked","legacy-fuzz-output-unverified","unverified-no-repo-license","quarantine_generated_seed","false","Mutation history and seed license are not documented."
"legacy-cad-2026-07-23","fuzz/corpus/dxf_binary_stream/9c674f1be4f5bcd440ea74b28ef13345eb68f71d","fuzz_seed","2","4b2871da34670fde248604e0f18fd3e4f7e1e6dfddb85875ce4813a6612953bb","untracked","legacy-fuzz-output-unverified","unverified-no-repo-license","quarantine_generated_seed","false","Mutation history and seed license are not documented."
"legacy-cad-2026-07-23","fuzz/corpus/dxf_binary_stream/9e92064d70e5902f9cd4bfd5b5adee588fcc0d7c","fuzz_seed","4","f5ba7fd1cf2680717581348aebec72c7c27965cab6c50fced6d6c3931ca49683","untracked","legacy-fuzz-output-unverified","unverified-no-repo-license","quarantine_generated_seed","false","Mutation history and seed license are not documented."
"legacy-cad-2026-07-23","fuzz/corpus/dxf_binary_stream/a238e2bf8e33d79a86ad64367dada531605fc64d","fuzz_seed","4","75bd2962823765fd62bb63b49f93c69c6c035f5fee1cf090e8a22877e8818634","untracked","legacy-fuzz-output-unverified","unverified-no-repo-license","quarantine_generated_seed","false","Mutation history and seed license are not documented."
"legacy-cad-2026-07-23","fuzz/corpus/dxf_binary_stream/a71138910007ad39b0e87a4acd3d11cdcb0e6377","fuzz_seed","4","475fa5552f799d15d3f7cc434bcd25c1b14422eca4724c9000e76293c88ad254","untracked","legacy-fuzz-output-unverified","unverified-no-repo-license","quarantine_generated_seed","false","Mutation history and seed license are not documented."
"legacy-cad-2026-07-23","fuzz/corpus/dxf_binary_stream/a752e451a686521743dfc2cc10c0216931ede506","fuzz_seed","4","654bbf71283fa184519871d111b106a32638977cdeac89c2ca34672b49a7f09b","untracked","legacy-fuzz-output-unverified","unverified-no-repo-license","quarantine_generated_seed","false","Mutation history and seed license are not documented."
"legacy-cad-2026-07-23","fuzz/corpus/dxf_binary_stream/a899bd1ff6e73175779c98e28c87b33dd922fe91","fuzz_seed","4","049fa388302f0efd116148b512d4cb695389a4cd1c817461cba221a165c1b51b","untracked","legacy-fuzz-output-unverified","unverified-no-repo-license","quarantine_generated_seed","false","Mutation history and seed license are not documented."
"legacy-cad-2026-07-23","fuzz/corpus/dxf_binary_stream/aaf6ea7c8b10d8525aea8e67b182e0e893404890","fuzz_seed","4","4d9cc118d9bc2e89c155f2a7150a32c862eb10397c964c964c3d9bebdb536e3d","untracked","legacy-fuzz-output-unverified","unverified-no-repo-license","quarantine_generated_seed","false","Mutation history and seed license are not documented."
"legacy-cad-2026-07-23","fuzz/corpus/dxf_binary_stream/ab0b811df1559921bec9b68197f81265bd1aa10f","fuzz_seed","4","8d266ed20442d47ac44df15fbd8434a8075a2b5f1dfa6eb701ffc5e2533eb9cb","untracked","legacy-fuzz-output-unverified","unverified-no-repo-license","quarantine_generated_seed","false","Mutation history and seed license are not documented."
"legacy-cad-2026-07-23","fuzz/corpus/dxf_binary_stream/af17860ba1c8bd902e444c0daf99c26261489e47","fuzz_seed","2","e461832bf49f723091624dcc5636e4dcc4f0c2c47272f76a3610c59d5c0c2720","untracked","legacy-fuzz-output-unverified","unverified-no-repo-license","quarantine_generated_seed","false","Mutation history and seed license are not documented."
"legacy-cad-2026-07-23","fuzz/corpus/dxf_binary_stream/afad3d9b0bd761d9b228b43e1bc7469a07ddaa9b","fuzz_seed","4","b84cee4c5ed23b7fb21462c59a7bd812454ee52fee4101be559824c680b0715d","untracked","legacy-fuzz-output-unverified","unverified-no-repo-license","quarantine_generated_seed","false","Mutation history and seed license are not documented."
"legacy-cad-2026-07-23","fuzz/corpus/dxf_binary_stream/b117fd39c6ecee3b573a785909980f53fe49b621","fuzz_seed","4","527dab29097ec3b6ac4d13ad712835938e10d498584f2df13980ef0a4f419865","untracked","legacy-fuzz-output-unverified","unverified-no-repo-license","quarantine_generated_seed","false","Mutation history and seed license are not documented."
"legacy-cad-2026-07-23","fuzz/corpus/dxf_binary_stream/b19001e15b0e52978044542df7b6e5e5e9f4f4be","fuzz_seed","4","8b721c7a94050acb15932f70916e6024a32d70330f74a96d738d7222f4223a17","untracked","legacy-fuzz-output-unverified","unverified-no-repo-license","quarantine_generated_seed","false","Mutation history and seed license are not documented."
"legacy-cad-2026-07-23","fuzz/corpus/dxf_binary_stream/b54d7e435339aa9c7c97de25620849896b023f14","fuzz_seed","3","b53bdd33380e950d3a3ab71c9e4c5939d1f45e7b82383fd192e4608a3b27b213","untracked","legacy-fuzz-output-unverified","unverified-no-repo-license","quarantine_generated_seed","false","Mutation history and seed license are not documented."
"legacy-cad-2026-07-23","fuzz/corpus/dxf_binary_stream/b594120a84490e60bf60725b818f8feb5ffe93dd","fuzz_seed","3","ccc03ff2dd0cf93966462307287c0284772b98422ddae467614095900e6a79fc","untracked","legacy-fuzz-output-unverified","unverified-no-repo-license","quarantine_generated_seed","false","Mutation history and seed license are not documented."
"legacy-cad-2026-07-23","fuzz/corpus/dxf_binary_stream/b5c9cbe2386fb2ab7a8ab79c429f0507dd5dc45a","fuzz_seed","4","0ace597530605427d6e2ad5b0f092ff3d595582c808dbe42325c0b0403b203f3","untracked","legacy-fuzz-output-unverified","unverified-no-repo-license","quarantine_generated_seed","false","Mutation history and seed license are not documented."
"legacy-cad-2026-07-23","fuzz/corpus/dxf_binary_stream/bc334697142b1a1ec09c6c801efaf995ee91bffa","fuzz_seed","4","594de40b94ad31d8b80386ff674239bca1e403f44e4f605a735c60623284eb7e","untracked","legacy-fuzz-output-unverified","unverified-no-repo-license","quarantine_generated_seed","false","Mutation history and seed license are not documented."
"legacy-cad-2026-07-23","fuzz/corpus/dxf_binary_stream/c1ae20cf8c6f75577f0497295a515df244001135","fuzz_seed","3","672f137d125399c27a696830b97e8e44f6fec609a091b77afc950a7b11e6d6f5","untracked","legacy-fuzz-output-unverified","unverified-no-repo-license","quarantine_generated_seed","false","Mutation history and seed license are not documented."
"legacy-cad-2026-07-23","fuzz/corpus/dxf_binary_stream/c3f7798241919ada06c9200cc090b624e30309bc","fuzz_seed","4","a50c693dee5be6ea023e7b3cc6adfcab974657ffb1cacdfc766cef0a4e9c2cdc","untracked","legacy-fuzz-output-unverified","unverified-no-repo-license","quarantine_generated_seed","false","Mutation history and seed license are not documented."
"legacy-cad-2026-07-23","fuzz/corpus/dxf_binary_stream/c52610f213facb2efe847aafbb4df2b296166a23","fuzz_seed","4","18f467140b46b2406eb8a2481f4274e446ac90058790c0b5198edd5593dac98f","untracked","legacy-fuzz-output-unverified","unverified-no-repo-license","quarantine_generated_seed","false","Mutation history and seed license are not documented."
"legacy-cad-2026-07-23","fuzz/corpus/dxf_binary_stream/c54c49cbefd8a2b0fdf279f50f22d21f6180623f","fuzz_seed","4","9a1ee3172a43c398b1ca3f50ce111aa31be8f2237a4d10985f4e9e7da34a2b4d","untracked","legacy-fuzz-output-unverified","unverified-no-repo-license","quarantine_generated_seed","false","Mutation history and seed license are not documented."
"legacy-cad-2026-07-23","fuzz/corpus/dxf_binary_stream/c632a462dbc8fa0b0d072c591d92987f64a2f128","fuzz_seed","4","1c8fc855444b0d615c9582dc29f20a7d4d4498daada714417eecb2272cebe7a5","untracked","legacy-fuzz-output-unverified","unverified-no-repo-license","quarantine_generated_seed","false","Mutation history and seed license are not documented."
"legacy-cad-2026-07-23","fuzz/corpus/dxf_binary_stream/c7334b0c066f1c7f5b516a00beabd1795a95b537","fuzz_seed","2","6787d5c31ad0a1a862603e76b342b4adc08aefb5c31ac1a06c3ad1629dd50a6f","untracked","legacy-fuzz-output-unverified","unverified-no-repo-license","quarantine_generated_seed","false","Mutation history and seed license are not documented."
"legacy-cad-2026-07-23","fuzz/corpus/dxf_binary_stream/c7de3e8d5ea6e5177ceeeaf0c426c35666d97d2a","fuzz_seed","3","188d1ca3a5a14c2a9caeafd383d29f757447e98e037cc9973dc16478fa5e9d78","untracked","legacy-fuzz-output-unverified","unverified-no-repo-license","quarantine_generated_seed","false","Mutation history and seed license are not documented."
"legacy-cad-2026-07-23","fuzz/corpus/dxf_binary_stream/c7fec5cc9ff6515b6f96be90549a0318acce0872","fuzz_seed","4","e4a5d9af67fb2527c6a1667a1ed8f42d8d8982b3e2f9f5ba75ea91908a93c9e1","untracked","legacy-fuzz-output-unverified","unverified-no-repo-license","quarantine_generated_seed","false","Mutation history and seed license are not documented."
"legacy-cad-2026-07-23","fuzz/corpus/dxf_binary_stream/cd8a3078321c37e8b52dca6132722abf883c0fb4","fuzz_seed","3","65b3ad6de507d7cc28dbdece626b3f6888026889ff2ffd97e24161c7d7019142","untracked","legacy-fuzz-output-unverified","unverified-no-repo-license","quarantine_generated_seed","false","Mutation history and seed license are not documented."
"legacy-cad-2026-07-23","fuzz/corpus/dxf_binary_stream/ceb197cfec79d14e1591604427e6dd5eec4cb516","fuzz_seed","3","277ffd5c0df1b9b974c6fce544d174dacea05d0d341ab6e5295150fed001a5bc","untracked","legacy-fuzz-output-unverified","unverified-no-repo-license","quarantine_generated_seed","false","Mutation history and seed license are not documented."
"legacy-cad-2026-07-23","fuzz/corpus/dxf_binary_stream/d13708367ecd11646160f1e642a458db6d91ec7c","fuzz_seed","4","c1fbb372316b4d3c534e1555c0472bd262f57866f8ee70c07a93cd09b1616797","untracked","legacy-fuzz-output-unverified","unverified-no-repo-license","quarantine_generated_seed","false","Mutation history and seed license are not documented."
"legacy-cad-2026-07-23","fuzz/corpus/dxf_binary_stream/d4551496c98b25d6fc580659e59f043825c534e8","fuzz_seed","3","46dac5739af17b8b6dde02cca4247b1c79f55c3440b0a3d2aebd6e549348e19e","untracked","legacy-fuzz-output-unverified","unverified-no-repo-license","quarantine_generated_seed","false","Mutation history and seed license are not documented."
"legacy-cad-2026-07-23","fuzz/corpus/dxf_binary_stream/d4fd5ce2cdccae1b78aefb6259538ec728387525","fuzz_seed","3","dfc8627c9432f26cf5a45eeb2bdb6ab256d88050badc11ca5edfef34e6233751","untracked","legacy-fuzz-output-unverified","unverified-no-repo-license","quarantine_generated_seed","false","Mutation history and seed license are not documented."
"legacy-cad-2026-07-23","fuzz/corpus/dxf_binary_stream/d5bd66377778dec6a309d1b6b4c588fe1674b385","fuzz_seed","2","3145e7a95720a1db303f2198e796ea848f52b6079b5bf4f47d32fad69c2bce77","untracked","legacy-fuzz-output-unverified","unverified-no-repo-license","quarantine_generated_seed","false","Mutation history and seed license are not documented."
"legacy-cad-2026-07-23","fuzz/corpus/dxf_binary_stream/d7dacae2c968388960bf8970080a980ed5c5dcb7","fuzz_seed","2","4a60bf7d4bc1e485744cf7e8d0860524752fca1ce42331be7c439fd23043f151","untracked","legacy-fuzz-output-unverified","unverified-no-repo-license","quarantine_generated_seed","false","Mutation history and seed license are not documented."
"legacy-cad-2026-07-23","fuzz/corpus/dxf_binary_stream/d88d1e2c84a1074d8b9c4deaf9740a319ab54cd7","fuzz_seed","4","7280242e0053c283e64d3e976ef33078cdeae79a95f406db712ce0f11e67fffc","untracked","legacy-fuzz-output-unverified","unverified-no-repo-license","quarantine_generated_seed","false","Mutation history and seed license are not documented."
"legacy-cad-2026-07-23","fuzz/corpus/dxf_binary_stream/d8947f85707f68288d1a8b101e4f4cf045b9f9da","fuzz_seed","4","99e8395edcf9e6e778502383af94970b48057204611d27899a30ccc93e6379df","untracked","legacy-fuzz-output-unverified","unverified-no-repo-license","quarantine_generated_seed","false","Mutation history and seed license are not documented."
"legacy-cad-2026-07-23","fuzz/corpus/dxf_binary_stream/d98dd9ceaef8b853caa6bfdf594d169bf3d237a4","fuzz_seed","2","0c55282295f034d7bd4cf5748480dd1a4b6209063a5917e4c09626557425204f","untracked","legacy-fuzz-output-unverified","unverified-no-repo-license","quarantine_generated_seed","false","Mutation history and seed license are not documented."
"legacy-cad-2026-07-23","fuzz/corpus/dxf_binary_stream/d9be6524a5f5047db5866813acf3277892a7a30a","fuzz_seed","4","ad95131bc0b799c0b1af477fb14fcf26a6a9f76079e48bf090acb7e8367bfd0e","untracked","legacy-fuzz-output-unverified","unverified-no-repo-license","quarantine_generated_seed","false","Mutation history and seed license are not documented."
"legacy-cad-2026-07-23","fuzz/corpus/dxf_binary_stream/daf5d7002ca5f27ba4919ee2d9a4713e99b41960","fuzz_seed","3","24ad2cc5b412580b356a518e11a43e7e524dbf94a73d744796bf720c65f166ac","untracked","legacy-fuzz-output-unverified","unverified-no-repo-license","quarantine_generated_seed","false","Mutation history and seed license are not documented."
"legacy-cad-2026-07-23","fuzz/corpus/dxf_binary_stream/de05e247634e7227f8c2af401d34afe0f158f2a4","fuzz_seed","4","c802df00815a9fa30c07a1957d4809926c44d883288750868bd626210afe062a","untracked","legacy-fuzz-output-unverified","unverified-no-repo-license","quarantine_generated_seed","false","Mutation history and seed license are not documented."
"legacy-cad-2026-07-23","fuzz/corpus/dxf_binary_stream/e21f04a7a6dedd4ae3aae6ec9d4ba63c78e579dc","fuzz_seed","2","3fb5b584954f0bdfa565fe562e1b24c4abd04042497692a4295bb8bfb440d334","untracked","legacy-fuzz-output-unverified","unverified-no-repo-license","quarantine_generated_seed","false","Mutation history and seed license are not documented."
"legacy-cad-2026-07-23","fuzz/corpus/dxf_binary_stream/e2879555c3e353b7ce0faf6a3fe978d2c7cc9e56","fuzz_seed","4","3abce0a67ff4c528cde30b8e1fda6736da54d7b75b05934a0dd7fd527f268024","untracked","legacy-fuzz-output-unverified","unverified-no-repo-license","quarantine_generated_seed","false","Mutation history and seed license are not documented."
"legacy-cad-2026-07-23","fuzz/corpus/dxf_binary_stream/e34a50f9bc44349c3695bf2115bf011d9d034c8c","fuzz_seed","4","bacb3c87eba11a63ca5ff988f6f371c6cb0d218d938a33d043eab5fa0bcc8288","untracked","legacy-fuzz-output-unverified","unverified-no-repo-license","quarantine_generated_seed","false","Mutation history and seed license are not documented."
"legacy-cad-2026-07-23","fuzz/corpus/dxf_binary_stream/e3f6a41d516a3f1d894b9c88ca9d875266feddd9","fuzz_seed","3","b49bb3848583a372d2e47582e1149d9622d3f982eb1a4d79c32f03d8fb7a5820","untracked","legacy-fuzz-output-unverified","unverified-no-repo-license","quarantine_generated_seed","false","Mutation history and seed license are not documented."
"legacy-cad-2026-07-23","fuzz/corpus/dxf_binary_stream/e48ae4d26023c0adf22cda096aa2f98ba899063d","fuzz_seed","2","7e0cd2c2eb8cc5ce469cafb027f9e31cc1d20750a446f0dfe144dbc08e2a6be6","untracked","legacy-fuzz-output-unverified","unverified-no-repo-license","quarantine_generated_seed","false","Mutation history and seed license are not documented."
"legacy-cad-2026-07-23","fuzz/corpus/dxf_binary_stream/e6a9fc04320a924f46c7c737432bb0389d9dd095","fuzz_seed","2","d8156bae0c4243d3742fc4e9774d8aceabe0410249d720c855f98afc88ff846c","untracked","legacy-fuzz-output-unverified","unverified-no-repo-license","quarantine_generated_seed","false","Mutation history and seed license are not documented."
"legacy-cad-2026-07-23","fuzz/corpus/dxf_binary_stream/e7d28f419c3781e11fa52dd1493f27e6550c5515","fuzz_seed","4","08ab1cb9017486abf7c4c689b8b60c7f8cc9c0703243a953190d41fe6f0e9766","untracked","legacy-fuzz-output-unverified","unverified-no-repo-license","quarantine_generated_seed","false","Mutation history and seed license are not documented."
"legacy-cad-2026-07-23","fuzz/corpus/dxf_binary_stream/e8828dafa4a12ff54ca066888a978ec1f0d8a4e1","fuzz_seed","4","4d36ad2bf760fca51396a0013f5db89e58c4494c072080df012a28d49e958349","untracked","legacy-fuzz-output-unverified","unverified-no-repo-license","quarantine_generated_seed","false","Mutation history and seed license are not documented."
"legacy-cad-2026-07-23","fuzz/corpus/dxf_binary_stream/ebfad526da2fdb63e9637b4bc451d256010323b0","fuzz_seed","4","6d3ebef76f18b726f68dff318d1149f654e8b842a452b0a2429f7bef1a6c6bfe","untracked","legacy-fuzz-output-unverified","unverified-no-repo-license","quarantine_generated_seed","false","Mutation history and seed license are not documented."
"legacy-cad-2026-07-23","fuzz/corpus/dxf_binary_stream/ecf1fc3eec34a4bfd088a02973bdddf2aa942a42","fuzz_seed","3","5f0d4a0bfb6e8f32d633f1266780268374314a715794b6057d50c7cef7779a98","untracked","legacy-fuzz-output-unverified","unverified-no-repo-license","quarantine_generated_seed","false","Mutation history and seed license are not documented."
"legacy-cad-2026-07-23","fuzz/corpus/dxf_binary_stream/ee756a9de6ca5790b2da711350be6c3c8e37da3a","fuzz_seed","2","421643d34a5787fa553e230c705fcbd6531f17ab6e336e9e74c51d4b78916fb2","untracked","legacy-fuzz-output-unverified","unverified-no-repo-license","quarantine_generated_seed","false","Mutation history and seed license are not documented."
"legacy-cad-2026-07-23","fuzz/corpus/dxf_binary_stream/ef9ef63718a76f96606767169dd4c3fd7e9c4d65","fuzz_seed","4","51afbc6b5f05a760592a1238dd65451f67378807d7768d942825726b55cb1210","untracked","legacy-fuzz-output-unverified","unverified-no-repo-license","quarantine_generated_seed","false","Mutation history and seed license are not documented."
"legacy-cad-2026-07-23","fuzz/corpus/dxf_binary_stream/f1f0c73b856d86d0bfa82a279a38c4b849507e9f","fuzz_seed","4","f92efd8d825040fca21892bae6d408c8cd44bf8974d45294b752176d21ac5c34","untracked","legacy-fuzz-output-unverified","unverified-no-repo-license","quarantine_generated_seed","false","Mutation history and seed license are not documented."
"legacy-cad-2026-07-23","fuzz/corpus/dxf_binary_stream/f44f1389ef5a1576392deba2f1209eb4d3536929","fuzz_seed","2","a80190875742dde022b60d2314d51bb17d5c9d010f207ada388541f1ee7b1979","untracked","legacy-fuzz-output-unverified","unverified-no-repo-license","quarantine_generated_seed","false","Mutation history and seed license are not documented."
"legacy-cad-2026-07-23","fuzz/corpus/dxf_binary_stream/f83f5b28f2e31b389066071da3f0f05239cb0252","fuzz_seed","3","8fd26fb377e3dfe23f40649888fed80feb1597a419352552d09711d2894d158c","untracked","legacy-fuzz-output-unverified","unverified-no-repo-license","quarantine_generated_seed","false","Mutation history and seed license are not documented."
"legacy-cad-2026-07-23","fuzz/corpus/dxf_binary_stream/fc4a7ea34bc95e87a0c1093505c5e448e2f7daad","fuzz_seed","4","551fea4a89b4ab8b841fe1a2801f4483ae537d0da9f71881e7eb1a7a11365cb1","untracked","legacy-fuzz-output-unverified","unverified-no-repo-license","quarantine_generated_seed","false","Mutation history and seed license are not documented."
"legacy-cad-2026-07-23","fuzz/corpus/dxf_binary_stream/fd0ceaab3b06b4bbe60e5dd5fa66e344bbdf6f55","fuzz_seed","4","d686dcc113e00c25ffb4d5508eb882aaa025aecc09b7e495c2519be90f84214a","untracked","legacy-fuzz-output-unverified","unverified-no-repo-license","quarantine_generated_seed","false","Mutation history and seed license are not documented."
"legacy-cad-2026-07-23","fuzz/corpus/dxf_lossless/00b28ff06b788b9b67c6b259800f404f9f3761fd","fuzz_seed","2","102b51b9765a56a3e899f7cf0ee38e5251f9c503b357b330a49183eb7b155604","untracked","legacy-fuzz-output-unverified","unverified-no-repo-license","quarantine_generated_seed","false","Mutation history and seed license are not documented."
"legacy-cad-2026-07-23","fuzz/corpus/dxf_lossless/02764cc27d5e771b432ad4a02cb1ef0f7eaae678","fuzz_seed","8","c7dc79759e1c7d16a4ef1536f3638135d85c10e815007f7473232a8422950d32","untracked","legacy-fuzz-output-unverified","unverified-no-repo-license","quarantine_generated_seed","false","Mutation history and seed license are not documented."
"legacy-cad-2026-07-23","fuzz/corpus/dxf_lossless/088fb1a4ab057f4fcf7d487006499060c7fe5773","fuzz_seed","3","0aad7da77d2ed59c396c99a74e49f3a4524dcdbcb5163251b1433d640247aeb4","untracked","legacy-fuzz-output-unverified","unverified-no-repo-license","quarantine_generated_seed","false","Mutation history and seed license are not documented."
"legacy-cad-2026-07-23","fuzz/corpus/dxf_lossless/099600a10a944114aac406d136b625fb416dd779","fuzz_seed","2","6c179f21e6f62b629055d8ab40f454ed02e48b68563913473b857d3638e23b28","untracked","legacy-fuzz-output-unverified","unverified-no-repo-license","quarantine_generated_seed","false","Mutation history and seed license are not documented."
"legacy-cad-2026-07-23","fuzz/corpus/dxf_lossless/0b000dbedeec6e500a9fa717e6aa37b37fd20d12","fuzz_seed","2","31609426297325bdb28c86ab3ceeed4a3c438966733fd61b8aea00ee8b23b7bc","untracked","legacy-fuzz-output-unverified","unverified-no-repo-license","quarantine_generated_seed","false","Mutation history and seed license are not documented."
"legacy-cad-2026-07-23","fuzz/corpus/dxf_lossless/0c6f15971a830d45859d28e45a502b3c6ac608fd","fuzz_seed","7","1333faf7a878d07be549a2a7cace4c100a2ce43630ba9a15bfe3054a4fe41fb7","untracked","legacy-fuzz-output-unverified","unverified-no-repo-license","quarantine_generated_seed","false","Mutation history and seed license are not documented."
"legacy-cad-2026-07-23","fuzz/corpus/dxf_lossless/11f4de6b8b45cf8051b1d17fa4cde9ad935cea41","fuzz_seed","1","9d1e0e2d9459d06523ad13e28a4093c2316baafe7aec5b25f30eba2e113599c4","untracked","legacy-fuzz-output-unverified","unverified-no-repo-license","quarantine_generated_seed","false","Mutation history and seed license are not documented."
"legacy-cad-2026-07-23","fuzz/corpus/dxf_lossless/1260d74533112aef7f1824db7e68672800596a99","fuzz_seed","3","2f74d9484bf6d389e14d0a473b33919108171476a1729e988bffbf3854c59663","untracked","legacy-fuzz-output-unverified","unverified-no-repo-license","quarantine_generated_seed","false","Mutation history and seed license are not documented."
"legacy-cad-2026-07-23","fuzz/corpus/dxf_lossless/17286b518513c867a575205e94d9d50c4183d830","fuzz_seed","8","467cfb2937f073929e990c5f62bba9d8a9a0dbd42650e8366d73c4c147b16491","untracked","legacy-fuzz-output-unverified","unverified-no-repo-license","quarantine_generated_seed","false","Mutation history and seed license are not documented."
"legacy-cad-2026-07-23","fuzz/corpus/dxf_lossless/1a20ce7aafa3c04f753244646a9df9078d8d5de3","fuzz_seed","3","f08153d16a9490d994a25d5a341ff8acfc405deddabd0d2134ef9af9d46acd54","untracked","legacy-fuzz-output-unverified","unverified-no-repo-license","quarantine_generated_seed","false","Mutation history and seed license are not documented."
"legacy-cad-2026-07-23","fuzz/corpus/dxf_lossless/1c31aff85ea27f592b8dff7f857d4c7dbc1ccfef","fuzz_seed","4","994951eceb814e68515361728d7d7caa2be39117fc6f63fc0018df8a9fec7fca","untracked","legacy-fuzz-output-unverified","unverified-no-repo-license","quarantine_generated_seed","false","Mutation history and seed license are not documented."
"legacy-cad-2026-07-23","fuzz/corpus/dxf_lossless/1d1987f528a4bab0c1b18d4b0ac8cc343df395e8","fuzz_seed","8","e6e8e9b40b3c70161761aae4774a6c9e3d0c4745b690f123a5dc94697235163e","untracked","legacy-fuzz-output-unverified","unverified-no-repo-license","quarantine_generated_seed","false","Mutation history and seed license are not documented."
"legacy-cad-2026-07-23","fuzz/corpus/dxf_lossless/1de92a9cb68722ed45ed7ace59669ed8de3887fb","fuzz_seed","8","854d138157e5b5a9c13683a3774d5dcdcf6030bfb0bef731d3f54aeaa53fa4fc","untracked","legacy-fuzz-output-unverified","unverified-no-repo-license","quarantine_generated_seed","false","Mutation history and seed license are not documented."
"legacy-cad-2026-07-23","fuzz/corpus/dxf_lossless/1e88de021924c74f020a9065a456bf07b3e30aae","fuzz_seed","3","08fabf81f64581e83ba82ab1a652efb8ef120dfd91d4128836267ad3fb3ee80c","untracked","legacy-fuzz-output-unverified","unverified-no-repo-license","quarantine_generated_seed","false","Mutation history and seed license are not documented."
"legacy-cad-2026-07-23","fuzz/corpus/dxf_lossless/2ccf9db796ea84f17ebea6f93752574b1fd182b2","fuzz_seed","8","f8afbba455468ccfd298d0c75696a607fbe078c8da03b5e3d08d80fd37c02b37","untracked","legacy-fuzz-output-unverified","unverified-no-repo-license","quarantine_generated_seed","false","Mutation history and seed license are not documented."
"legacy-cad-2026-07-23","fuzz/corpus/dxf_lossless/3251eb16b9a099f36ff8a0b432bac1ba6c4ac86f","fuzz_seed","8","7d36561496e56f6cd83d3e3e0134c3ce07cbf3ebb3b5b0ab3a6bce87aa79dc5b","untracked","legacy-fuzz-output-unverified","unverified-no-repo-license","quarantine_generated_seed","false","Mutation history and seed license are not documented."
"legacy-cad-2026-07-23","fuzz/corpus/dxf_lossless/36c41ddb83184b7ff78c458d9e53377db26ebc11","fuzz_seed","4","5c019596dbe240909033d48c78060610bf1b810c0c15b7978c905a8703621ccd","untracked","legacy-fuzz-output-unverified","unverified-no-repo-license","quarantine_generated_seed","false","Mutation history and seed license are not documented."
"legacy-cad-2026-07-23","fuzz/corpus/dxf_lossless/392c0124549bc64c1aece5eb7f3cb3ef943487a2","fuzz_seed","4","2810df2b71f08abbbebd81d43b1233197af5417c8b54287fe0cc0085ca865cb8","untracked","legacy-fuzz-output-unverified","unverified-no-repo-license","quarantine_generated_seed","false","Mutation history and seed license are not documented."
"legacy-cad-2026-07-23","fuzz/corpus/dxf_lossless/3c32314c19423b7ace58faed0e27a075f0382748","fuzz_seed","4","4f885234c9f8b2a0e10c9aa86582ad7dba25befcdcd5fa3b5d5265113c2e8ede","untracked","legacy-fuzz-output-unverified","unverified-no-repo-license","quarantine_generated_seed","false","Mutation history and seed license are not documented."
"legacy-cad-2026-07-23","fuzz/corpus/dxf_lossless/3f3d2d8955322f325af6db2238355fa07007ebd9","fuzz_seed","4","545c38b0922de19734fbffde62792c37c2aef6a3216cfa472449173165220f7d","untracked","legacy-fuzz-output-unverified","unverified-no-repo-license","quarantine_generated_seed","false","Mutation history and seed license are not documented."
"legacy-cad-2026-07-23","fuzz/corpus/dxf_lossless/3f6a21790e61f814be5d00cb7c0f02c3f3db5ec8","fuzz_seed","4","6087a823a217634418f20b2d5fd18da186104abb7573b06c87eddf5f7f9a21b4","untracked","legacy-fuzz-output-unverified","unverified-no-repo-license","quarantine_generated_seed","false","Mutation history and seed license are not documented."
"legacy-cad-2026-07-23","fuzz/corpus/dxf_lossless/40cff61a9aa8fb25c4adb7083e194d25278b4ee8","fuzz_seed","4","c4293bc71559d05496837af66edeb8aa36e134b199709c8f6300036e787b96a9","untracked","legacy-fuzz-output-unverified","unverified-no-repo-license","quarantine_generated_seed","false","Mutation history and seed license are not documented."
"legacy-cad-2026-07-23","fuzz/corpus/dxf_lossless/46cecedcbc43049a47e74c43d405416d0af4f68a","fuzz_seed","4","075e7674a969687957ce158d8a9bc659c9110fdd1db4cefca59359002cdd9880","untracked","legacy-fuzz-output-unverified","unverified-no-repo-license","quarantine_generated_seed","false","Mutation history and seed license are not documented."
"legacy-cad-2026-07-23","fuzz/corpus/dxf_lossless/47351722b22fe12e197c3055c82943a669980c60","fuzz_seed","4","91d7cde1271d49bf1fca2b20d664938cd07e7105658d4d4e9882f71c7943eb21","untracked","legacy-fuzz-output-unverified","unverified-no-repo-license","quarantine_generated_seed","false","Mutation history and seed license are not documented."
"legacy-cad-2026-07-23","fuzz/corpus/dxf_lossless/494a27635e948dd67f6c710110ff4a5619ef91ab","fuzz_seed","3","10680f1bb7e74c2c384f5418b7eb210c55a5760493b3f761c69913dbd9d15ff5","untracked","legacy-fuzz-output-unverified","unverified-no-repo-license","quarantine_generated_seed","false","Mutation history and seed license are not documented."
"legacy-cad-2026-07-23","fuzz/corpus/dxf_lossless/56b82a9fe375de3980cac58b8a43e7998346b452","fuzz_seed","4","47eb8378b3e0c74511f8156f46e180325e551444e5f80e44cf7441eba7f5c33c","untracked","legacy-fuzz-output-unverified","unverified-no-repo-license","quarantine_generated_seed","false","Mutation history and seed license are not documented."
"legacy-cad-2026-07-23","fuzz/corpus/dxf_lossless/58a5dbb1e4025696e3c3d49ab615a225f361acea","fuzz_seed","4","577ec4e04f28e55282aaa116f068e5bd8c1f3f1ef60b2cb72009989a1955fb56","untracked","legacy-fuzz-output-unverified","unverified-no-repo-license","quarantine_generated_seed","false","Mutation history and seed license are not documented."
"legacy-cad-2026-07-23","fuzz/corpus/dxf_lossless/6110d1d18735852dfc2aca51c9733eb519ac12db","fuzz_seed","8","3116a6123a573bb8135e7e482edaf9546122e86196efc49ed02fbc53cfc47044","untracked","legacy-fuzz-output-unverified","unverified-no-repo-license","quarantine_generated_seed","false","Mutation history and seed license are not documented."
"legacy-cad-2026-07-23","fuzz/corpus/dxf_lossless/65d09fc8e8380e75f955f34c2db1de3abbced874","fuzz_seed","4","2ee9c23c1ffc66f6774e268d8838e167727ec230c760ee8c4573c17e6fe01066","untracked","legacy-fuzz-output-unverified","unverified-no-repo-license","quarantine_generated_seed","false","Mutation history and seed license are not documented."
"legacy-cad-2026-07-23","fuzz/corpus/dxf_lossless/66928e6cbb59c3a3bce606959ef4a865fe04e642","fuzz_seed","4","dba5166ad9db9ba648c1032ebbd34dcd0d085b50023b839ef5c68ca1db93a563","untracked","legacy-fuzz-output-unverified","unverified-no-repo-license","quarantine_generated_seed","false","Mutation history and seed license are not documented."
"legacy-cad-2026-07-23","fuzz/corpus/dxf_lossless/6708e76e17a6c28b8facf1184fccd40de7a2d31f","fuzz_seed","8","3c9a1ea2107a6f3761c374a1cfdcb2ef11ea9962e0f56e8c7ba912d8c14c1906","untracked","legacy-fuzz-output-unverified","unverified-no-repo-license","quarantine_generated_seed","false","Mutation history and seed license are not documented."
"legacy-cad-2026-07-23","fuzz/corpus/dxf_lossless/67d25b7c3f7db9b17497456b4e3b6b161d417988","fuzz_seed","3","5a8e195af079e4d1faf48ad56f41169e531ab48b866dd2de27b30374551295dd","untracked","legacy-fuzz-output-unverified","unverified-no-repo-license","quarantine_generated_seed","false","Mutation history and seed license are not documented."
"legacy-cad-2026-07-23","fuzz/corpus/dxf_lossless/6a75f63b4582148d6f4b516a706dfcbbfd0c173b","fuzz_seed","5","e69e434f5fc3b1b17648f5e5b96e60fc4430cb16773f3bf4cebb7f3007600944","untracked","legacy-fuzz-output-unverified","unverified-no-repo-license","quarantine_generated_seed","false","Mutation history and seed license are not documented."
"legacy-cad-2026-07-23","fuzz/corpus/dxf_lossless/6ff3747dacc5178e2babb285c30f9e50050c02ce","fuzz_seed","8","09908aeb7dca7ea5b6370009e7a97239edd94d6b1f6b147503352d522a495bc6","untracked","legacy-fuzz-output-unverified","unverified-no-repo-license","quarantine_generated_seed","false","Mutation history and seed license are not documented."
"legacy-cad-2026-07-23","fuzz/corpus/dxf_lossless/71853c6197a6a7f222db0f1978c7cb232b87c5ee","fuzz_seed","2","75a11da44c802486bc6f65640aa48a730f0f684c5c07a42ba3cd1735eb3fb070","untracked","legacy-fuzz-output-unverified","unverified-no-repo-license","quarantine_generated_seed","false","Mutation history and seed license are not documented."
"legacy-cad-2026-07-23","fuzz/corpus/dxf_lossless/7a26e6bcc857b6e9b797b3c918f2bcb1a569ddde","fuzz_seed","3","1f8f12d1330e093575089e333067208dbad87f15c75f2cfd0ff62219bdd33448","untracked","legacy-fuzz-output-unverified","unverified-no-repo-license","quarantine_generated_seed","false","Mutation history and seed license are not documented."
"legacy-cad-2026-07-23","fuzz/corpus/dxf_lossless/7c0841710a2d6260772c4c648031358e832a93e2","fuzz_seed","8","1223bba911640443f94cf5a739b5e8996923813748a3d360b8548ecec7743378","untracked","legacy-fuzz-output-unverified","unverified-no-repo-license","quarantine_generated_seed","false","Mutation history and seed license are not documented."
"legacy-cad-2026-07-23","fuzz/corpus/dxf_lossless/7c338ed2840d2bf55f9f5e4eed04f66c80840eb3","fuzz_seed","3","6a3cf5192354f71615ac51034b3e97c20eda99643fcaf5bbe6d41ad59bd12167","untracked","legacy-fuzz-output-unverified","unverified-no-repo-license","quarantine_generated_seed","false","Mutation history and seed license are not documented."
"legacy-cad-2026-07-23","fuzz/corpus/dxf_lossless/82876c5382f3b51be4c33a497749649348876c0c","fuzz_seed","4","dd4cad773cd9f86ddf9fc49f39beee37b6edcbcb8ea8ab61fa090c5f1b464108","untracked","legacy-fuzz-output-unverified","unverified-no-repo-license","quarantine_generated_seed","false","Mutation history and seed license are not documented."
"legacy-cad-2026-07-23","fuzz/corpus/dxf_lossless/85a57ae82131377f87d0a59537d65e93febb70d5","fuzz_seed","2","0b0bd7ca2acebad288fe09c9d9595f1f1c8e91de8d0a6762dad9f009f2f8240d","untracked","legacy-fuzz-output-unverified","unverified-no-repo-license","quarantine_generated_seed","false","Mutation history and seed license are not documented."
"legacy-cad-2026-07-23","fuzz/corpus/dxf_lossless/8a6170bc83e3c7368a3836fba73ee4eb79aa5215","fuzz_seed","4","74b961d71f61cfa8cc48168371b09f5c588e044a5374dda006b7e7145a26052e","untracked","legacy-fuzz-output-unverified","unverified-no-repo-license","quarantine_generated_seed","false","Mutation history and seed license are not documented."
"legacy-cad-2026-07-23","fuzz/corpus/dxf_lossless/8c77b616ce6a5beabdf64ccf506fb62e9b5bcf98","fuzz_seed","4","b97360453e94d30e428314623d7a0a77369f66ae3588f50f13bb1ff1354b1d12","untracked","legacy-fuzz-output-unverified","unverified-no-repo-license","quarantine_generated_seed","false","Mutation history and seed license are not documented."
"legacy-cad-2026-07-23","fuzz/corpus/dxf_lossless/8d730d427c26f613eef3cfc7a167eb2e8adf766c","fuzz_seed","3","16cab27919dc1e64bde9dba52839ba26b62150f33f2757707c9d3317ef17ab80","untracked","legacy-fuzz-output-unverified","unverified-no-repo-license","quarantine_generated_seed","false","Mutation history and seed license are not documented."
"legacy-cad-2026-07-23","fuzz/corpus/dxf_lossless/8e871ef0d73498b6f7a6b1aa9830a9f746075105","fuzz_seed","4","c82e8bfad11e2ffc93c46a20874e656f7d849ffd3fac948101370e8aa9e44cae","untracked","legacy-fuzz-output-unverified","unverified-no-repo-license","quarantine_generated_seed","false","Mutation history and seed license are not documented."
"legacy-cad-2026-07-23","fuzz/corpus/dxf_lossless/94fee43308fdc79f061e51b6abe788eada4899c4","fuzz_seed","2","bc0b77e4f4e398ae2fe3aaa1fee9d8bcaf2a951c9b2b5678f494cbdcc161290d","untracked","legacy-fuzz-output-unverified","unverified-no-repo-license","quarantine_generated_seed","false","Mutation history and seed license are not documented."
"legacy-cad-2026-07-23","fuzz/corpus/dxf_lossless/95c37c1e60400cd6d4090e44c525b89863769912","fuzz_seed","2","a5572fc8073d52c87f1021c99c55e1bb3596c1b6129859da9bb301fb95ea48e5","untracked","legacy-fuzz-output-unverified","unverified-no-repo-license","quarantine_generated_seed","false","Mutation history and seed license are not documented."
"legacy-cad-2026-07-23","fuzz/corpus/dxf_lossless/987f254a4ea873a610ecc868ee6ed023405ffa69","fuzz_seed","4","ba0334621a4c7421b6823f58bf5c4b40897bd096946dc6f798d843d3c4ace7f0","untracked","legacy-fuzz-output-unverified","unverified-no-repo-license","quarantine_generated_seed","false","Mutation history and seed license are not documented."
"legacy-cad-2026-07-23","fuzz/corpus/dxf_lossless/9aa6790e7ec2efe8f1a1a3d364cf137cb55df054","fuzz_seed","4","758e538a8efb6965f691ebaf321a4c9a6081492edb7355f29327de3c25661cac","untracked","legacy-fuzz-output-unverified","unverified-no-repo-license","quarantine_generated_seed","false","Mutation history and seed license are not documented."
"legacy-cad-2026-07-23","fuzz/corpus/dxf_lossless/9cac402fd4878b5f7718bf1da5c38e298607a283","fuzz_seed","8","0629c5977c43543293529dfb6ede945bed790cd07e913908ff408595023d8a64","untracked","legacy-fuzz-output-unverified","unverified-no-repo-license","quarantine_generated_seed","false","Mutation history and seed license are not documented."
"legacy-cad-2026-07-23","fuzz/corpus/dxf_lossless/9e004e68f27104f0121430f060d3c30009055b7c","fuzz_seed","8","52b215787fed07712c3ab0fa7b062e4dfc4b24c82a912210d8299915e4fa18ec","untracked","legacy-fuzz-output-unverified","unverified-no-repo-license","quarantine_generated_seed","false","Mutation history and seed license are not documented."
"legacy-cad-2026-07-23","fuzz/corpus/dxf_lossless/9e9b17edf21a6af60e4bc382b9a0c30647175453","fuzz_seed","3","2a5222a0dd2400f31aae17bc0ad61e08446faa9e86bc9862ba8b0740cfa05283","untracked","legacy-fuzz-output-unverified","unverified-no-repo-license","quarantine_generated_seed","false","Mutation history and seed license are not documented."
"legacy-cad-2026-07-23","fuzz/corpus/dxf_lossless/9ee2f2051d5d7d1a979acdc1040d8ec1729c1319","fuzz_seed","6","004afe41fb9690f3aac1aeecd00f67658a85fd0472f725842b0ecaff357e048a","untracked","legacy-fuzz-output-unverified","unverified-no-repo-license","quarantine_generated_seed","false","Mutation history and seed license are not documented."
"legacy-cad-2026-07-23","fuzz/corpus/dxf_lossless/a147c49d9f407936e73bb2e8f2d8d555ec3dd350","fuzz_seed","6","d985e48c7ff564fc4f0c544f34f3edd6155ad8b66f9cf1f6e480e22744bfe7f4","untracked","legacy-fuzz-output-unverified","unverified-no-repo-license","quarantine_generated_seed","false","Mutation history and seed license are not documented."
"legacy-cad-2026-07-23","fuzz/corpus/dxf_lossless/a239dbb2243326c811ac3885fae3958c51177f11","fuzz_seed","6","92e35818a5d586e65e75fd00b38db4fed9535153308e2384498bab983559597a","untracked","legacy-fuzz-output-unverified","unverified-no-repo-license","quarantine_generated_seed","false","Mutation history and seed license are not documented."
"legacy-cad-2026-07-23","fuzz/corpus/dxf_lossless/a4d70697f021fa7a3fdec3c4f5b29630f82157a3","fuzz_seed","6","026ccbf3940952089479c8a4b4068e49dbe873cd56d0736bc7a81f7a7016ff10","untracked","legacy-fuzz-output-unverified","unverified-no-repo-license","quarantine_generated_seed","false","Mutation history and seed license are not documented."
"legacy-cad-2026-07-23","fuzz/corpus/dxf_lossless/a60e361e36f5ce70779cf2d75b6819e918ec3e5f","fuzz_seed","6","b42820cf67b4997ac5bea2a548f4a037d009ae664258c93fa3a49d59ac7460c3","untracked","legacy-fuzz-output-unverified","unverified-no-repo-license","quarantine_generated_seed","false","Mutation history and seed license are not documented."
"legacy-cad-2026-07-23","fuzz/corpus/dxf_lossless/ac3d29d4a75e6471fcd918096e72b6023d725b7e","fuzz_seed","8","23023b28c5efa7a31dd3be8d2c0f4e72dbb41af85e81579fe6a2139c1022c844","untracked","legacy-fuzz-output-unverified","unverified-no-repo-license","quarantine_generated_seed","false","Mutation history and seed license are not documented."
"legacy-cad-2026-07-23","fuzz/corpus/dxf_lossless/aca10067e6738a677ea8f18c501d1078bc89586b","fuzz_seed","4","9c84151f6344c677394dbd56b9a68050205d9d912470510557b1b57a04b869ca","untracked","legacy-fuzz-output-unverified","unverified-no-repo-license","quarantine_generated_seed","false","Mutation history and seed license are not documented."
"legacy-cad-2026-07-23","fuzz/corpus/dxf_lossless/adc83b19e793491b1c6ea0fd8b46cd9f32e592fc","fuzz_seed","1","01ba4719c80b6fe911b091a7c05124b64eeece964e09c058ef8f9805daca546b","untracked","legacy-fuzz-output-unverified","unverified-no-repo-license","quarantine_generated_seed","false","Mutation history and seed license are not documented."
"legacy-cad-2026-07-23","fuzz/corpus/dxf_lossless/b15d11b84b3bf7b32ecbc8bb7fdf7555bd04a2aa","fuzz_seed","5","ff19446752c33c181ea9232a795beff15bc3feedd2a58087b3f5c33eeb62e992","untracked","legacy-fuzz-output-unverified","unverified-no-repo-license","quarantine_generated_seed","false","Mutation history and seed license are not documented."
"legacy-cad-2026-07-23","fuzz/corpus/dxf_lossless/b5fd5b822161edbce095548573dc9bb5b217806a","fuzz_seed","8","571f596965ac8a51a08f828ce277dd8c32201c115992c9437777be81dc1af803","untracked","legacy-fuzz-output-unverified","unverified-no-repo-license","quarantine_generated_seed","false","Mutation history and seed license are not documented."
"legacy-cad-2026-07-23","fuzz/corpus/dxf_lossless/b807bbd959f9146f3a40c87f069c22dcf974c013","fuzz_seed","8","6894ebeb0f0d3240abea92942501bdc37eb8f12f051e3f92c5cc1c5ba469d6f2","untracked","legacy-fuzz-output-unverified","unverified-no-repo-license","quarantine_generated_seed","false","Mutation history and seed license are not documented."
"legacy-cad-2026-07-23","fuzz/corpus/dxf_lossless/b80ace4c3f8f0d7fcfe7c00bd45a77b553058a4f","fuzz_seed","3","e740a6faf2db65f5853148d75d9a335d7c4b94ab106fe5f237bc34fdcfc74584","untracked","legacy-fuzz-output-unverified","unverified-no-repo-license","quarantine_generated_seed","false","Mutation history and seed license are not documented."
"legacy-cad-2026-07-23","fuzz/corpus/dxf_lossless/b858cb282617fb0956d960215c8e84d1ccf909c6","fuzz_seed","1","36a9e7f1c95b82ffb99743e0c5c4ce95d83c9a430aac59f84ef3cbfab6145068","untracked","legacy-fuzz-output-unverified","unverified-no-repo-license","quarantine_generated_seed","false","Mutation history and seed license are not documented."
"legacy-cad-2026-07-23","fuzz/corpus/dxf_lossless/ba8ab5a0280b953aa97435ff8946cbcbb2755a27","fuzz_seed","2","7eb70257593da06f682a3ddda54a9d260d4fc514f645237f5ca74b08f8da61a6","untracked","legacy-fuzz-output-unverified","unverified-no-repo-license","quarantine_generated_seed","false","Mutation history and seed license are not documented."
"legacy-cad-2026-07-23","fuzz/corpus/dxf_lossless/bac626131896112e6427339adb399cbe92e7a569","fuzz_seed","5","f67dd614b8b40302fa1e66c4341e54978549345a0d8e2005817e3f563587a528","untracked","legacy-fuzz-output-unverified","unverified-no-repo-license","quarantine_generated_seed","false","Mutation history and seed license are not documented."
"legacy-cad-2026-07-23","fuzz/corpus/dxf_lossless/bbbaab58a46a94ad467cc7f64598a4d75ca0a75c","fuzz_seed","3","8e6a29e948ad3b7409e252574193c89be3a98abd76c35d42840b872406eb7aba","untracked","legacy-fuzz-output-unverified","unverified-no-repo-license","quarantine_generated_seed","false","Mutation history and seed license are not documented."
"legacy-cad-2026-07-23","fuzz/corpus/dxf_lossless/bd1bb9ace3993b5902879d72dddb8f8b7295bbbd","fuzz_seed","4","93c375d7f359813d36f5aeb04884338bb64a13c0e25f9192ec82d87fc78de0dc","untracked","legacy-fuzz-output-unverified","unverified-no-repo-license","quarantine_generated_seed","false","Mutation history and seed license are not documented."
"legacy-cad-2026-07-23","fuzz/corpus/dxf_lossless/c0d62a843f44d6aa241eb8ae40b50af1b54cbd35","fuzz_seed","4","3080208575f75ee7761c8abe7016eb5c74273b1f25bb9af89c4ca3225667f57c","untracked","legacy-fuzz-output-unverified","unverified-no-repo-license","quarantine_generated_seed","false","Mutation history and seed license are not documented."
"legacy-cad-2026-07-23","fuzz/corpus/dxf_lossless/c4e3d6ed2439fa08a1cbe723dfe55f91df30568b","fuzz_seed","8","27370386eb03cb77654da9bf8f7cc7b4c44c5ea85e1ddb4cdd0db2d214b0094b","untracked","legacy-fuzz-output-unverified","unverified-no-repo-license","quarantine_generated_seed","false","Mutation history and seed license are not documented."
"legacy-cad-2026-07-23","fuzz/corpus/dxf_lossless/c6a615cf9f62c90c38eb07691780dcd469e37692","fuzz_seed","3","5bdd7ba6c6a0847d019b5bdd2abb42d1be95187e1f0dda40a049da74a5f53113","untracked","legacy-fuzz-output-unverified","unverified-no-repo-license","quarantine_generated_seed","false","Mutation history and seed license are not documented."
"legacy-cad-2026-07-23","fuzz/corpus/dxf_lossless/c77097739559cfb3d3c76f84e9796fdcf32688e0","fuzz_seed","6","e992b8acd54547fe267c70cf42de60d299e848c22111871dc271fa88b4ca7f8f","untracked","legacy-fuzz-output-unverified","unverified-no-repo-license","quarantine_generated_seed","false","Mutation history and seed license are not documented."
"legacy-cad-2026-07-23","fuzz/corpus/dxf_lossless/cea2b074c4896d7170e7bc713cf75252a6a1a37c","fuzz_seed","7","a6e001f510e73b2d8198cbf579e50721525208a5497077a9bcfc3a150f4b8c3b","untracked","legacy-fuzz-output-unverified","unverified-no-repo-license","quarantine_generated_seed","false","Mutation history and seed license are not documented."
"legacy-cad-2026-07-23","fuzz/corpus/dxf_lossless/d0064bebbd17c131c196f354b3ace76b5e49dc57","fuzz_seed","4","c8b23e4ba4a685448ca5440220f4803ef3da72c99ba342358ec599fedb4eeb53","untracked","legacy-fuzz-output-unverified","unverified-no-repo-license","quarantine_generated_seed","false","Mutation history and seed license are not documented."
"legacy-cad-2026-07-23","fuzz/corpus/dxf_lossless/d063592730164b66cf83c66c6f6f649ca00a2789","fuzz_seed","6","c35dd9d4558a293618d8607c0ab68e7c17b14b7d8b8f9cad8390332834ac7b13","untracked","legacy-fuzz-output-unverified","unverified-no-repo-license","quarantine_generated_seed","false","Mutation history and seed license are not documented."
"legacy-cad-2026-07-23","fuzz/corpus/dxf_lossless/d1854cae891ec7b29161ccaf79a24b00c274bdaa","fuzz_seed","1","1b16b1df538ba12dc3f97edbb85caa7050d46c148134290feba80f8236c83db9","untracked","legacy-fuzz-output-unverified","unverified-no-repo-license","quarantine_generated_seed","false","Mutation history and seed license are not documented."
"legacy-cad-2026-07-23","fuzz/corpus/dxf_lossless/d579864f4e98101ec265d198bdc4b65d34051e07","fuzz_seed","3","6bcd5f101fc2570fdde005558f3d420eb08cb4655edce38695eebd8981b7c435","untracked","legacy-fuzz-output-unverified","unverified-no-repo-license","quarantine_generated_seed","false","Mutation history and seed license are not documented."
"legacy-cad-2026-07-23","fuzz/corpus/dxf_lossless/d63312ac54fab7ac2a31ba183f06490b3e72798a","fuzz_seed","2","b2e389f259b2094efe9ff16044c9e8a2b9f6159b13efad78dbee7fe90523d429","untracked","legacy-fuzz-output-unverified","unverified-no-repo-license","quarantine_generated_seed","false","Mutation history and seed license are not documented."
"legacy-cad-2026-07-23","fuzz/corpus/dxf_lossless/d697ba96c511c64ac026b4631649f7624371229c","fuzz_seed","8","69b4dea823a00c985c4b30baf1c1a5c7890833ce9290cf780314b82828e39f6a","untracked","legacy-fuzz-output-unverified","unverified-no-repo-license","quarantine_generated_seed","false","Mutation history and seed license are not documented."
"legacy-cad-2026-07-23","fuzz/corpus/dxf_lossless/dda9981603af4cf9c63bc808afe90e8b055a7c06","fuzz_seed","4","6ccb64ab357c62922052ef54abec3e3c063cfe56d652d8792b974d9cf03f008d","untracked","legacy-fuzz-output-unverified","unverified-no-repo-license","quarantine_generated_seed","false","Mutation history and seed license are not documented."
"legacy-cad-2026-07-23","fuzz/corpus/dxf_lossless/df639f9539632a870eded5b0de7ef13871a122f5","fuzz_seed","3","27114b393999e684595f3c6868342a134fff543c8e43500351b36031bf5c3844","untracked","legacy-fuzz-output-unverified","unverified-no-repo-license","quarantine_generated_seed","false","Mutation history and seed license are not documented."
"legacy-cad-2026-07-23","fuzz/corpus/dxf_lossless/e0bafe976d92fbad43d8806b0e6d3460192e10aa","fuzz_seed","4","8493100b11a2fe625bcf97fc313f83b580ba4fd2c016221009db93bfe184ee45","untracked","legacy-fuzz-output-unverified","unverified-no-repo-license","quarantine_generated_seed","false","Mutation history and seed license are not documented."
"legacy-cad-2026-07-23","fuzz/corpus/dxf_lossless/e1209a8d7e8e25c3d7fbee1bbab7c612bf30fe25","fuzz_seed","6","298ef1c2e35d3bd6b97cd13d10ba8cc2eec6a192abe8534a97be7b0d6c0a7501","untracked","legacy-fuzz-output-unverified","unverified-no-repo-license","quarantine_generated_seed","false","Mutation history and seed license are not documented."
"legacy-cad-2026-07-23","fuzz/corpus/dxf_lossless/e1e1d39fc889bb823a064f565a6d2ee61a9f628d","fuzz_seed","8","a1d3240ef9757a9b1a7b364521f31cd753f633a981f84e5190e68c86ab6f39e5","untracked","legacy-fuzz-output-unverified","unverified-no-repo-license","quarantine_generated_seed","false","Mutation history and seed license are not documented."
"legacy-cad-2026-07-23","fuzz/corpus/dxf_lossless/e318d8843f641b9d5a7fb06dc461fc707cb03aab","fuzz_seed","8","1eb2a5a2f9f159d7272a24d3a6a1e5169e2624ce0c732811d23d0cbb321601d3","untracked","legacy-fuzz-output-unverified","unverified-no-repo-license","quarantine_generated_seed","false","Mutation history and seed license are not documented."
"legacy-cad-2026-07-23","fuzz/corpus/dxf_lossless/e7b6f96c55a9084cdc50111343322369a9c33e9c","fuzz_seed","8","f499d306e9fb0564cb1b045ec5019ef708a4ac786fc5e7daf85ac7b61224a0c5","untracked","legacy-fuzz-output-unverified","unverified-no-repo-license","quarantine_generated_seed","false","Mutation history and seed license are not documented."
"legacy-cad-2026-07-23","fuzz/corpus/dxf_lossless/eb0808d0f647ab8bd3c5123ed7d48c481702d22b","fuzz_seed","2","3adc8f3eac3cde7c273519efa7e29be206c7ae8f2ac73be7d8145535d289c66d","untracked","legacy-fuzz-output-unverified","unverified-no-repo-license","quarantine_generated_seed","false","Mutation history and seed license are not documented."
"legacy-cad-2026-07-23","fuzz/corpus/dxf_lossless/ec56e9adab2dcf3b2694b2bb5df8aa095ea5bf4c","fuzz_seed","4","3a7b14cb906ca1be408146680565277045442ffc1c172b57d2cea8d90bb6256b","untracked","legacy-fuzz-output-unverified","unverified-no-repo-license","quarantine_generated_seed","false","Mutation history and seed license are not documented."
"legacy-cad-2026-07-23","fuzz/corpus/dxf_lossless/ee504363e00c71f68e02722f0f07840bdf329510","fuzz_seed","3","9bb96c306e3eaaf8259c14b9ebba383f2ba979c0e8cf7932b2f7a190227d1f13","untracked","legacy-fuzz-output-unverified","unverified-no-repo-license","quarantine_generated_seed","false","Mutation history and seed license are not documented."
"legacy-cad-2026-07-23","fuzz/corpus/dxf_lossless/f2f9586c0da3f4ce5741f5c573294be0278aa24d","fuzz_seed","6","2eb1af4e75916c1592ebe92ec46c733987087e02eed2c4de8307eeb28a52f9c7","untracked","legacy-fuzz-output-unverified","unverified-no-repo-license","quarantine_generated_seed","false","Mutation history and seed license are not documented."
"legacy-cad-2026-07-23","fuzz/corpus/dxf_lossless/f5a97754c203ec450815e2c5d55b154b49e4ca4c","fuzz_seed","6","054fb7f5ddc1a6694cf51ad1edb7ba2cee4256b8dbf83494be984bf825842063","untracked","legacy-fuzz-output-unverified","unverified-no-repo-license","quarantine_generated_seed","false","Mutation history and seed license are not documented."
"legacy-cad-2026-07-23","fuzz/corpus/dxf_lossless/f7e24306686cc19ef771a2b548bf72cc2c09cf20","fuzz_seed","7","538d6440534fa5f615e8a26932792a82a2e4a33a97886e2d815eab8fc216d415","untracked","legacy-fuzz-output-unverified","unverified-no-repo-license","quarantine_generated_seed","false","Mutation history and seed license are not documented."
"legacy-cad-2026-07-23","fuzz/corpus/dxf_lossless/f996eac5f9a505091f29728b1073523f043e1fe4","fuzz_seed","8","b21186e64c84523ef530ee39c810030c1e338afa75d8a3363a7624b2d7899956","untracked","legacy-fuzz-output-unverified","unverified-no-repo-license","quarantine_generated_seed","false","Mutation history and seed license are not documented."
"legacy-cad-2026-07-23","fuzz/corpus/dxf_lossless/fc17700ba4a5a78832a584647d8e3289c984dfd1","fuzz_seed","2","c1d6126f82e0c9693fa673c4992f76c4325e139aec120d7f487615b7b3947643","untracked","legacy-fuzz-output-unverified","unverified-no-repo-license","quarantine_generated_seed","false","Mutation history and seed license are not documented."
"legacy-cad-2026-07-23","fuzz/corpus/dxf_lossless/fc289f1bc33cbc7ffd4f5cd14ac30d44a9b60d0e","fuzz_seed","6","5975d0f28b11527021ecb73650b17bd2d9eb8f00571399cfd6a8420b964e87fc","untracked","legacy-fuzz-output-unverified","unverified-no-repo-license","quarantine_generated_seed","false","Mutation history and seed license are not documented."
"legacy-cad-2026-07-23","fuzz/fuzz_targets/dxf_binary_stream.rs","test","1626","160254988d6a2d3faecb4fe873e7525dde680edde0aa27667d0f3b1c4d407f1d","untracked","legacy-local-untracked","unverified-no-repo-license","reexpress_behavior","false","Re-express the requirement in a new SeaCad-authored test."
"legacy-cad-2026-07-23","fuzz/fuzz_targets/dxf_lossless.rs","test","256","97a36e25a2a5ae26bd4e16cb771e61dc3a59e414f8fed6b99179d48864ebb69e","untracked","legacy-local-untracked","unverified-no-repo-license","reexpress_behavior","false","Re-express the requirement in a new SeaCad-authored test."
"legacy-cad-2026-07-23","fuzz/fuzz_targets/support.rs","test","1067","01cf09df739aa78fee62c6f68aac324a422659440afb12698e3469008b91f7f5","untracked","legacy-local-untracked","unverified-no-repo-license","reexpress_behavior","false","Re-express the requirement in a new SeaCad-authored test."
"legacy-cad-2026-07-23","public-roadmaps/lossless-dxf-roadmap/README.md","documentation","2054","7dded74c8105393f610c9e4e6d277356b31b7a6dd876c9ded7cf0f1eb3edd0b0","untracked","legacy-local-untracked","unverified-no-repo-license","reference_only","false","No direct transfer approved by M1."
"legacy-cad-2026-07-23","public-roadmaps/lossless-dxf-roadmap/docs/agent-start-here.md","documentation","1538","8816707a96ad28188c5917860a314c55b288ed24357fc83cdc0c020a3f131e5f","untracked","legacy-local-untracked","unverified-no-repo-license","reference_only","false","No direct transfer approved by M1."
"legacy-cad-2026-07-23","public-roadmaps/lossless-dxf-roadmap/docs/entity-coverage.md","documentation","781","2b2635d49c6d516af8f36edfb4b1e862f9e271a631ac84b37f546b5f6fcff7cd","untracked","legacy-local-untracked","unverified-no-repo-license","reference_only","false","No direct transfer approved by M1."
"legacy-cad-2026-07-23","public-roadmaps/lossless-dxf-roadmap/docs/evidence-gates.md","documentation","1300","726ba615e3063286745d20937a4c6980a6e59dc4db6dd4961697342588a833dd","untracked","legacy-local-untracked","unverified-no-repo-license","reference_only","false","No direct transfer approved by M1."
"legacy-cad-2026-07-23","public-roadmaps/lossless-dxf-roadmap/docs/fixture-policy.md","documentation","931","61d5a88c284ce144574b39d8633d32b86678fbbaa3da8f146a2349b1848851a8","untracked","legacy-local-untracked","unverified-no-repo-license","reference_only","false","No direct transfer approved by M1."
"legacy-cad-2026-07-23","public-roadmaps/lossless-dxf-roadmap/docs/portable-architecture.md","documentation","3029","96bd9641aac1d0ca57cd539a2bd0483f1ff39f4bc893dec8cb1e225035eb5d43","untracked","legacy-local-untracked","unverified-no-repo-license","reference_only","false","No direct transfer approved by M1."
"legacy-cad-2026-07-23","public-roadmaps/lossless-dxf-roadmap/docs/roadmap.md","documentation","4511","15642fed67c1b8d9157c1cc7670982aee8a51a154f901b462abf96209c30d6f6","untracked","legacy-local-untracked","unverified-no-repo-license","reference_only","false","No direct transfer approved by M1."
"legacy-cad-2026-07-23","public-roadmaps/lossless-dxf-roadmap/docs/support-claims.md","documentation","2007","e309c91ec458c2af00c72ebb2ecdd161e0bc9cc5855d1cfee85795ed4d99e154","untracked","legacy-local-untracked","unverified-no-repo-license","reference_only","false","No direct transfer approved by M1."
"legacy-cad-2026-07-23","public-roadmaps/lossless-dxf-roadmap/docs/topology-and-edits.md","documentation","1061","f387c60e93bfdada5070ff4816c5073982042a904d24f5f007dc6cdd36a48e9e","untracked","legacy-local-untracked","unverified-no-repo-license","reference_only","false","No direct transfer approved by M1."
"legacy-cad-2026-07-23","public-roadmaps/lossless-dxf-roadmap/templates/milestone.md","documentation","325","5f2ef650529b549ab397622f58928ea007fe395715b5a9ec30f8952cf60d6788","untracked","legacy-local-untracked","unverified-no-repo-license","reference_only","false","No direct transfer approved by M1."
"legacy-cad-2026-07-23","public-roadmaps/lossless-dxf-roadmap/templates/support-row.md","documentation","374","6d185c7f7e25b7b44f8a2349e8a114ffb0285971776360cd3e4017404b8c2247","untracked","legacy-local-untracked","unverified-no-repo-license","reference_only","false","No direct transfer approved by M1."
"legacy-cad-2026-07-23","tests/fixtures/real_mau_trich_do2_1.dxf","cad_fixture","940827","bf0710d2ff938866c0f7d8f3c4d540ad64154a15b76d2fbb7f260baa6ae6075d","tracked_clean","user-cad-private","unverified-no-repo-license","private_corpus_only","false","Never commit to the SeaCad source repository."
"legacy-cad-2026-07-23","tests/fixtures/real_thua115_91.dxf","cad_fixture","285248","63bd1ad7b58ddae429a6dddce8f66507d1b8f2780c30c0dc6e5bb1fc724b60f0","tracked_clean","user-cad-private","unverified-no-repo-license","private_corpus_only","false","Never commit to the SeaCad source repository."
"legacy-cad-2026-07-23","tests/fixtures/simple_line.dxf","cad_fixture","240","5da0315f5a8285bf2344bd294d5cb77be44a89dcaeb2746b565071a557d92240","tracked_clean","legacy-git-history","unverified-no-repo-license","quarantine_pending_attestation","false","Byte hash recorded; direct transfer is blocked until ownership is attested."
"legacy-cad-2026-07-23","tools/cad_oracle_accoreconsole_inventory.lsp","tool","11355","cb93cc54a5d525a8fb8c16ad40efb6f2f7839c472ee9c7be2ad46c6180c09cd4","untracked","legacy-local-untracked","unverified-no-repo-license","rewrite_if_needed","false","No direct transfer approved by M1."
"legacy-cad-2026-07-23","tools/cad_oracle_accoreconsole_inventory.ps1","tool","14131","86d68ab5c4fcb37860964bd51f2ff1f0aa6a7f6b58d045626eb337b09a61d4d1","untracked","legacy-local-untracked","unverified-no-repo-license","rewrite_if_needed","false","No direct transfer approved by M1."
"legacy-cad-2026-07-23","tools/cad_oracle_autocad_inventory.ps1","tool","6527","e93375b0dbb52ceb902d013c266895073d759f56d8142265d28bbbacdfb422bf","untracked","legacy-local-untracked","unverified-no-repo-license","rewrite_if_needed","false","No direct transfer approved by M1."
"legacy-cad-2026-07-23","tools/cad_oracle_autocad_inventory_isolated.ps1","tool","6672","b3d2f525dbb3edb669dd7cdd751f23c47cd0a995e7819055aa11a56ad411d415","untracked","legacy-local-untracked","unverified-no-repo-license","rewrite_if_needed","false","No direct transfer approved by M1."
"legacy-cad-2026-07-23","tools/cad_oracle_autocad_inventory_one.ps1","tool","4170","eb58ed49f7b7789b93a967fb4fbba814192edb795f51a081685a40d32f62ebf4","untracked","legacy-local-untracked","unverified-no-repo-license","rewrite_if_needed","false","No direct transfer approved by M1."
"legacy-cad-2026-07-23","tools/cad_oracle_oda_convert.ps1","tool","6006","de00496beeca818293fb409ee2f6a2557f34f1d46f1351e7b6735a8445fda18b","untracked","legacy-local-untracked","unverified-no-repo-license","rewrite_if_needed","false","No direct transfer approved by M1."
"legacy-cad-2026-07-23","tools/dxf_next_gap.ps1","tool","6853","4fa4ee2af55d4c96a47eb6af68de8c007013ee8b70a48c256f72d01b11642c14","untracked","legacy-local-untracked","unverified-no-repo-license","rewrite_if_needed","false","No direct transfer approved by M1."
"legacy-cad-2026-07-23","tools/dxf_verify_milestone.ps1","tool","15550","6bd6a77e8b93f47739620add8d399ff86c85e2365d028d1896af7ed24f7999d0","untracked","legacy-local-untracked","unverified-no-repo-license","rewrite_if_needed","false","No direct transfer approved by M1."
"legacy-cad-2026-07-23","tools/run_dxf_fuzz.ps1","tool","3095","b5dcd59e6518b8961a78e0fe9c88de0ab5800b349e47eb79f1222f6030da7cf2","untracked","legacy-local-untracked","unverified-no-repo-license","rewrite_if_needed","false","No direct transfer approved by M1."
